OBJECTID,NBHD_NAME,NBHD_ID,DIST_NUM,Nmbr_Age25Plus_NoDiplomaOrGED,Pct_Age25Plus_NoDiplomaOrGED,Nmbr_Age25Plus_NoCollDegree,Pct_Age25Plus_NoCollDegree,Nmbr_Age25Plus_LessThanBA,Pct_Age25Plus_LessThanBA,Nmbr_PopulationUnder18,Pct_PopulationUnder18,Nmbr_PopulationOver70,Pct_PopulationOver70,Nmbr_Age25Plus,Pct_Age25Plus,Nmbr_OccupiedUnitsWithRenters,Pct_OccupiedUnitsWithRenters,Nmbr_OccupiedUnitsWithOwners,Pct_OccupiedUnitsWithOwners,Nmbr_OccupiedUnits,Nmbr_HouseholdsCostBurdened,Pct_HouseholdsCostBurdened,Nmbr_PerCapitaIncome,Nmbr_PopulationPovDetermined,Nmbr_PopulationInPoverty,Pct_PopulationInPoverty,Nmbr_HouseholdsNoVehAccess,Pct_HouseholdsNoVehAccess,Nmbr_Households,Nmbr_PopulationWithDisability,Pct_PopulationWithDisability,Nmbr_PopCivilianNonInstitution,Nmbr_Population,Nmbr_Under18SingleParentFam,Pct_Under18InSingleParentFam,Nmbr_PopUnder18InHouseholds,Nmbr_PopulationDensity,Nmbr_PopNonHispanicWhite,Pct_PopNonHispanicWhite,Nmbr_PopulationMinority,Pct_PopulationMinority,Pct_PopOver16Unemployed,GlobalID,Shape__Area,Shape__Length
235,Chaffee Park,11,1,480,16.58031088,1566,54.09326425,1680,58.03108808,413,11.78652968,450,12.84246575,2895,82.61986301,671,40.32451923,993,59.67548077,1664,525,31.55048077,44370,3426,269,7.85172212,162,9.73557692,1664,519,15.14886165,3426,3504,147,35.59322034,413,4457.36676741,1561,44.54908676,1943,55.45091324,4,96d2fe8e-a846-43a0-ab05-df6e00866077,21916868.2104492,23530.8275578335
236,Sunnyside,62,1,1328,15.88896865,3771,45.11844939,4130,49.41373534,1684,16.1287233,872,8.35169045,8358,80.04980366,2047,43.49766256,2659,56.50233744,4706,1450,30.81172971,139343,10323,1758,17.02993316,331,7.03357416,4706,1246,12.04795978,10342,10441,806,47.86223278,1684,7333.4138141,4978,47.67742553,5463,52.32257447,4.30507643,005b46dd-0579-4114-b023-aa91640fa22c,39694347.9995117,25642.4769381073
237,Highland,36,1,585,6.48846495,1966,21.80567879,2246,24.91126886,1267,11.26422475,517,4.59637269,9016,80.15647226,3763,62.67488341,2241,37.32511659,6004,1720,28.64756829,227711,11179,793,7.09365775,585,9.74350433,6004,751,6.71555039,11183,11248,361,28.58273951,1263,9756.99905451,8223,73.10633001,3025,26.89366999,3.7234437,e5ffb39e-f1b9-4719-976a-cf7707a2af48,32140439.7265625,23553.956986751
238,Globeville,29,9,732,30.83403538,1605,67.60741365,1705,71.81971356,557,13.90761548,192,4.79400749,2374,59.27590512,722,52.93255132,642,47.06744868,1364,526,38.56304985,33169,3508,835,23.8027366,99,7.25806452,1364,340,8.48938826,4005,4005,166,29.80251346,557,1944.41237977,1449,36.17977528,2556,63.82022472,7.3,2de51526-42a4-43da-92b6-909ea2cce4e6,57425781.2587891,42152.1172194939
239,Jefferson Park,39,1,335,10.4556804,749,23.37702871,820,25.59300874,296,7.7997365,153,4.03162055,3204,84.42687747,1599,70.94055013,655,29.05944987,2254,619,27.46228926,86954,3726,488,13.09715513,86,3.81543922,2254,230,6.06060606,3795,3795,98,33.10810811,296,7714.45702204,2400,63.24110672,1395,36.75889328,3.9,b31e5c61-7836-4c60-8261-529c990a4616,13715106.5385742,17949.0266822545
240,Sun Valley,61,3,161,33.96624473,425,89.66244726,425,89.66244726,613,54.10414828,31,2.73609885,474,41.83583407,347,90.60052219,36,9.39947781,383,150,39.16449086,7970,1133,880,77.66990291,179,46.73629243,383,151,13.32744925,1133,1133,484,78.95595432,613,1764.03377901,88,7.76699029,1045,92.23300971,31,3fbf82aa-e2a0-48bc-bba2-9c8d7543e6c3,17906709.2558594,21013.695548962
241,Valverde,67,7,806,28.63232682,2319,82.38010657,2415,85.79040853,1101,25.64640112,279,6.49895178,2815,65.57186117,885,57.57970072,652,42.42029928,1537,706,45.93363696,20687,4293,850,19.79967389,115,7.482108,1537,413,9.62031214,4293,4293,294,26.70299728,1101,4471.65960028,818,19.0542744,3475,80.9457256,3,51e99945-9f4a-4fef-9bc3-863cc5b98ee4,26766089.2617188,22063.817180862
242,Athmar Park,1,7,1499,24.1696227,4217,67.99419542,4617,74.44372783,2062,23.29417081,554,6.25847266,6202,70.06326254,1223,37.51533742,2037,62.48466258,3260,1407,43.1595092,59998,8839,1459,16.50639213,261,8.00613497,3260,593,6.71498132,8831,8852,784,38.02133851,2062,5727.51482667,2815,31.800723,6037,68.199277,7.34557452,a3a6da3f-a202-43cc-9325-a46ee5a57698,43089152.5332031,27352.2864055353
243,Elyria Swansea,25,9,1752,44.65969921,3358,85.59775682,3463,88.27427989,2127,31.68951132,231,3.44159714,3923,58.44755662,1051,56.17316943,820,43.82683057,1871,725,38.74933191,41126,6646,1170,17.60457418,144,7.69641903,1871,497,7.4501574,6671,6712,523,24.58862247,2127,2587.09796813,764,11.38259833,5948,88.61740167,3.40747911,f61b681d-c4fe-4270-8407-45cc0aea2ce9,72332227.9672852,35030.3983479008
244,Wellshire,73,4,48,2.00250313,483,20.15018773,541,22.56987902,747,22.46616541,603,18.13533835,2397,72.09022556,84,6.46153846,1216,93.53846154,1300,299,23,72657,3325,105,3.15789474,9,0.69230769,1300,258,7.7593985,3325,3325,85,11.37884873,747,3581.1066996,2739,82.37593985,586,17.62406015,1,1df3a241-2f6d-4ac5-a80b-7a3cae4b17b8,25886131.7963867,21790.4506615066
245,University,64,6,77,1.34945671,1311,22.97581493,1718,30.10865755,997,10.04837734,373,3.75932272,5706,57.50856682,1684,46.5965689,1930,53.4034311,3614,1162,32.15273935,98144,7832,856,10.92951992,146,4.03984505,3614,389,3.92058053,9922,9922,261,26.85185185,972,7962.35768892,7631,76.9098972,2291,23.0901028,6.1353877,f3f0dc56-1a9b-4076-8332-c452eecc1426,34741639.4521484,27982.5662698074
246,Rosedale,53,6,82,3.650935,653,29.07390917,810,36.06411398,361,13.30630299,262,9.65720604,2246,82.78658312,730,52.14285714,670,47.85714286,1400,454,32.42857143,54712,2713,204,7.51935127,149,10.64285714,1400,183,6.74530041,2713,2713,42,11.63434903,361,4813.1979818,1911,70.43862882,802,29.56137118,4.4,81977e43-9945-4e78-a09b-092df500b3fa,15714799.2436523,15839.834045747
247,Cheesman Park,12,10,29,0.35842294,1618,19.99752812,2070,25.5839822,347,3.87796156,747,8.34823424,8091,90.42244077,4016,72.50406211,1523,27.49593789,5539,1957,35.33128724,191628,8860,749,8.4537246,777,14.02780285,5539,613,6.91873589,8860,8948,178,53.77643505,331,16990.59115742,7711,86.17568172,1237,13.82431828,6.12029019,3bf6668f-9a07-47e9-9b77-a39937620fd9,14682846.3876953,15276.3436533484
248,Hilltop,37,5,159,2.49607535,967,15.18053375,1144,17.95918367,2151,24.20661715,1211,13.62817916,6370,71.68579788,983,27.04264099,2652,72.95735901,3635,865,23.79642366,209959,8766,316,3.60483687,126,3.46629986,3635,763,8.70309114,8767,8886,97,4.50953045,2151,5156.74607938,6847,77.05379248,2039,22.94620752,4.25401586,5ead6d2c-9677-4711-aa9f-bab1e3320fa6,48042249.1625977,33930.1190905052
249,Montclair,46,5,251,4.9910519,1334,26.52614834,1526,30.34400477,1073,17.01284287,371,5.88235294,5029,79.73680038,819,26.48771022,2273,73.51228978,3092,964,31.17723157,131344,6307,347,5.50182337,81,2.61966365,3092,352,5.58110036,6307,6307,347,32.33923579,1073,6229.80070048,4287,67.9720945,2020,32.0279055,4.05836576,b849a0cb-27c0-4f70-b8a5-4db71f238c74,28225487.2109375,21466.5426748702
250,Hale,31,5,341,5.11014536,2064,30.93061591,2560,38.36355462,1493,17.15303309,601,6.90487132,6673,76.66590074,2681,58.35872878,1913,41.64127122,4594,1916,41.70657379,163896,8664,636,7.34072022,382,8.31519373,4594,824,9.51061865,8664,8704,578,38.71399866,1493,8944.91570611,6174,70.93290441,2530,29.06709559,1.49524201,a679f9ac-6240-49c8-a1ac-e329e3c55ee4,27129100.8193359,20906.6895460375
251,North Park Hill,48,8,430,5.16826923,2844,34.18269231,3166,38.05288462,2634,22.79729964,1160,10.03981305,8320,72.00969361,715,16.05298608,3739,83.94701392,4454,970,21.77817692,113747,11554,865,7.48658473,209,4.69241132,4454,1085,9.39068721,11554,11554,612,23.23462415,2634,7731.90249554,5782,50.04327506,5772,49.95672494,4.80160531,14fa1582-96bf-4df8-87cd-c04cb1128b00,41661870.4384766,28876.6088772348
252,South Park Hill,57,8,149,2.26788432,1338,20.3652968,1552,23.62252664,2047,21.96116297,991,10.63190645,6570,70.48599936,535,14.81173865,3077,85.18826135,3612,602,16.66666667,156892,8862,389,4.38952832,184,5.09413068,3612,388,4.18193576,9278,9321,175,8.74125874,2002,6253.89138467,6733,72.23473876,2588,27.76526124,5.50220072,56f0f330-f6cb-481d-9778-acf58b5f17a9,41553244.8554688,28857.0010299386
253,Virginia Village,69,6,679,5.99823322,4431,39.14310954,5156,45.54770318,2314,15.54585153,1237,8.31037958,11320,76.04971448,3981,57.653874,2924,42.346126,6905,2493,36.10427227,179348,14621,1398,9.56158949,530,7.67559739,6905,1160,7.93868054,14612,14885,497,21.47796024,2314,7662.97477087,9865,66.27477326,5020,33.72522674,3.75882261,ff5b527c-135b-4e5e-ac0d-9b08cb82adba,54155704.8515625,39803.1092912939
254,DIA,23,11,78,5.57142857,842,60.14285714,949,67.78571429,674,29.12705272,63,2.72255834,1400,60.50129646,428,49.3656286,439,50.6343714,867,416,47.98154556,27357,2314,318,13.74243734,65,7.49711649,867,274,11.84096802,2314,2314,247,36.64688427,674,55.07277625,604,26.1019879,1710,73.8980121,4.8,03eb6238-7e05-4c89-b0f3-b69b89039841,1171437584.90771,198652.262738934
255,University Hills,65,4,387,7.48404564,2009,38.85128602,2242,43.3571843,1259,18.9039039,669,10.04504505,5171,77.64264264,1410,47.22036169,1576,52.77963831,2986,883,29.57133289,111085,6600,301,4.56060606,316,10.58271936,2986,646,9.78343177,6603,6660,242,19.26751592,1256,4588.91574259,5202,78.10810811,1458,21.89189189,6.16826568,c52d0beb-a907-42a2-882a-e08119bf58b4,40462891.5454102,38231.6668598771
256,Harvey Park,34,2,1332,16.17486339,5446,66.13236187,5861,71.17182757,3143,25.04781639,911,7.26012113,8235,65.62798852,1314,30.38852914,3010,69.61147086,4324,1722,39.82423682,61830,12515,1323,10.57131442,206,4.76410731,4324,1131,9.02201659,12536,12548,884,28.12599427,3143,7444.55721676,4988,39.7513548,7560,60.2486452,5.76487633,0ad49b2f-3519-44dd-beb7-fe9b30e8cab7,46992484.5507813,32207.9150317826
257,Mar Lee,43,2,2226,27.12649281,6261,76.29783086,6738,82.11065074,3996,29.92361839,758,5.67620189,8206,61.44975288,1893,44.84719261,2328,55.15280739,4221,1492,35.34707415,48300,13210,2290,17.33535201,390,9.2395167,4221,1264,9.57140694,13206,13354,853,21.34634635,3996,8859.2538851,3835,28.71798712,9519,71.28201288,2.7609741,ba1c63c1-6b35-4df2-81d7-e1412030e32b,42024929.5092773,26475.1059902775
258,Westwood,76,3,3771,38.33096158,8516,86.56230941,8922,90.68916446,6651,37.42614372,612,3.44381295,9838,55.35985595,3320,62.78366112,1968,37.21633888,5288,2575,48.69515885,66698,17734,5277,29.75640014,392,7.41301059,5288,1578,8.87963536,17771,17771,2416,36.34175692,6648,11874.2269532,2240,12.60480558,15531,87.39519442,3.25173202,b641684c-3c30-4eb8-a5bb-89842d9c9204,41725282.9936523,26483.3359069783
259,East Colfax,24,8,1268,17.60133259,4160,57.74569684,4677,64.92226541,2277,21.3903241,374,3.51338657,7204,67.67496477,2934,65.68166555,1533,34.31833445,4467,1849,41.3924334,70282,10645,2103,19.75575388,455,10.18580703,4467,1486,13.98193451,10628,10645,551,24.19850681,2277,9956.37365919,3899,36.62752466,6746,63.37247534,8.44861878,5bd71c13-e7aa-450f-b19e-61079fe723c7,29808302.7158203,23790.8521301829
260,Auraria,2,9,0,0,20,24.09638554,20,24.09638554,27,3.76569038,0,0,83,11.57601116,3,7.69230769,36,92.30769231,39,13,33.33333333,12730,85,0,0,0,0,39,25,3.48675035,717,717,0,0,14,1110.84220873,481,67.08507671,236,32.91492329,0,a8077236-34f6-40b3-985c-74b8096c3b00,17995319.0854492,17704.8481961744
261,University Park,66,6,81,1.53205977,1250,23.64289767,1595,30.16833743,1135,14.78634706,746,9.71860344,5287,68.87701928,2174,57.74236388,1591,42.25763612,3765,1393,36.99867198,127723,7465,1067,14.29336906,300,7.96812749,3765,575,7.50750751,7659,7676,76,6.71971706,1131,6603.20732356,5514,71.83428869,2162,28.16571131,3.86995375,4225bb01-082d-466e-b79b-59394e038dd4,32409535.171875,22577.1526860215
262,Platt Park,51,7,62,1.24074445,798,15.96958175,1078,21.57294377,1439,21.76016936,408,6.16966581,4997,75.56328444,1053,35.47843666,1915,64.52156334,2968,684,23.0458221,146173,6613,451,6.8199002,79,2.66172507,2968,233,3.52336307,6613,6613,91,6.323836,1439,8081.28487823,5001,75.62377136,1612,24.37622864,2.11975261,eb2d8d34-4663-445d-abb1-3c4d573726c8,22814495.8115234,19693.9448371094
263,College View - South Platte,19,7,1318,26.5886625,4018,81.05709098,4304,86.8267097,2573,31.28267477,364,4.42553191,4957,60.2674772,1403,53.83729854,1203,46.16270146,2606,504,19.33998465,26219,8225,1109,13.48328267,220,8.44205679,2606,382,4.6443769,8225,8225,678,26.35056354,2573,5638.32328872,1479,17.98176292,6746,82.01823708,3.9,5fcb51bf-378d-4a02-9c09-73c79c8287cb,40670424.2104492,47137.2880384369
264,Overland,50,7,201,7.34649123,1005,36.73245614,1196,43.71345029,404,12.09943097,132,3.95327942,2736,81.94070081,1081,64.49880668,595,35.50119332,1676,724,43.19809069,55644,3334,291,8.72825435,169,10.08353222,1676,367,10.99131476,3339,3339,8,2.02531646,395,2973.70809233,2455,73.52500749,884,26.47499251,3.7,49b130d9-53fc-4a6c-9a0a-8116d23ec974,31304794.2553711,27691.7140154985
265,Ruby Hill,54,7,2214,31.89742112,5237,75.45022331,5528,79.64270278,2200,22.119445,1022,10.27548763,6941,69.78684898,1888,49.8679345,1898,50.1320655,3786,1535,40.54410988,53773,9887,1884,19.05532517,662,17.48547279,3786,1315,13.22139554,9946,9946,733,33.31818182,2200,6850.73070888,2220,22.32053087,7726,77.67946913,3.972937,72d1df30-5f3a-4ca2-90a9-2059cd2c24d4,40476628.2290039,27363.1234288892
266,Kennedy,40,4,499,18.81598793,1617,60.97285068,1774,66.89291101,460,11.11648139,0,0,2652,64.08893185,2077,100,0,0,2077,1009,48.57968223,33128,4138,321,7.75737071,277,13.33654309,2077,493,11.93993703,4129,4138,0,0,460,5893.58480873,1270,30.69115515,2868,69.30884485,5.1,39886725-6517-44da-b0cd-676564339b60,19575087.7836914,23549.2361928089
267,Hampden,32,4,842,5.70499356,6146,41.6423877,7225,48.95318111,3566,18.27780625,2085,10.68682727,14759,75.64838544,4786,50.71526968,4651,49.28473032,9437,3376,35.77408075,229592,19373,1920,9.91070046,602,6.37914592,9437,2174,11.17795259,19449,19510,1687,47.30790802,3566,6908.96573329,12545,64.30035879,6965,35.69964121,5.37875676,5a24d252-9b4e-4a9f-8a5f-6c54375adae5,78729410.5898438,62375.6579350547
268,Baker,3,7,324,6.14800759,1270,24.09867173,1451,27.53320683,317,4.92388941,382,5.93351973,5270,81.85771979,2019,59.5750959,1370,40.4249041,3389,1016,29.97934494,125950,6438,518,8.04597701,542,15.99291826,3389,748,11.61851507,6438,6438,85,28.42809365,299,4316.38298928,4421,68.67039453,2017,31.32960547,1.79229894,1128f97f-419b-4e1a-8505-ae2b140194f6,41583761.3193359,32991.5434733628
269,Fort Logan,27,2,623,9.52599388,3755,57.41590214,4135,63.22629969,1964,22.05007298,1244,13.96654317,6540,73.42539576,693,21.13449222,2586,78.86550778,3279,857,26.13601708,131957,8421,1045,12.40945256,171,5.21500457,3279,1009,11.94931312,8444,8907,356,18.56100104,1918,3356.11557066,5877,65.98181206,3030,34.01818794,3.99983184,0a67bdd9-f4bc-4885-a352-99fefa32b622,73992434.0410156,51921.5265697452
270,Bear Valley,6,2,467,7.53712072,3179,51.30729503,3547,57.24661072,1411,17.25782779,1390,17.00097847,6196,75.78277886,1252,34.45239406,2382,65.54760594,3634,1268,34.89268024,79321,8173,558,6.82735838,221,6.08145294,3634,1098,13.49723417,8135,8176,608,43.09000709,1411,6047.04653027,4668,57.09393346,3508,42.90606654,2.19009585,d7a9a3bf-c07c-43ad-ac83-4f57b0cdecf6,37695572.3540039,35108.4937237902
271,Harvey Park South,35,2,1237,19.75407218,3762,60.07665283,4212,67.26285532,1892,21.14202704,805,8.99541848,6262,69.9742988,1452,40.83239595,2104,59.16760405,3556,885,24.88751406,74109,8666,1006,11.60858528,391,10.99550056,3556,1205,13.85057471,8700,8949,541,28.59408034,1892,6548.41030562,3638,40.65258688,5311,59.34741312,3.62779307,34189b07-5daa-41fd-90ae-8212cf85319a,38100563.090332,26811.3823770303
272,Southmoor Park,58,4,89,1.8207856,1113,22.7700491,1385,28.33469722,564,9.32231405,490,8.09917355,4888,80.79338843,2586,74.05498282,906,25.94501718,3492,1152,32.98969072,125970,6039,566,9.37241265,131,3.75143184,3492,536,8.89331342,6027,6050,166,29.43262411,564,6492.16761992,5005,82.72727273,1045,17.27272727,2.45969342,3d8069d8-0275-4598-93f9-dca39f167b0f,25981152.9619141,35113.1244133153
273,Hampden South,33,4,357,2.80373832,4555,35.77318778,5385,42.29168303,2628,15.71958368,1963,11.74183515,12733,76.16341668,4273,51.81906379,3973,48.18093621,8246,3186,38.63691487,220495,16718,1324,7.91960761,335,4.06257579,8246,1721,10.30292146,16704,16718,706,26.86453577,2628,5742.31778518,11851,70.88766599,4867,29.11233401,4.00178684,b0a21cc5-dace-420d-89ca-2b724e49cb0e,81168938.6474609,38297.5048545833
274,Goldsmith,30,4,208,5.03753936,2106,51.00508598,2532,61.32235408,1288,21.75308225,595,10.04897821,4129,69.73484209,1829,69.57017878,800,30.42982122,2629,1148,43.66679346,69821,5596,922,16.47605432,348,13.23697223,2629,777,13.83793411,5615,5921,337,26.16459627,1288,7655.78507503,4290,72.45397737,1631,27.54602263,7.17269998,9385fe14-ebf6-45d9-86bc-f3593fed6254,21562449.6235352,34328.5018848515
275,Cory - Merrill,21,6,21,0.69306931,531,17.52475248,660,21.78217822,961,22.7995255,423,10.03558719,3030,71.886121,301,17.66431925,1403,82.33568075,1704,342,20.07042254,82192,4136,214,5.17408124,13,0.7629108,1704,182,4.35615127,4178,4215,105,11.01783841,953,5023.76481176,3572,84.74495848,643,15.25504152,4.5,bbc113ed-aa43-49d5-b6af-b4fe343e9b56,23391660.3188477,19901.6152371189
276,Windsor,78,5,849,7.41096369,5358,46.7702514,6566,57.31494413,1954,13.49447514,3084,21.29834254,11456,79.1160221,4470,54.31348724,3760,45.68651276,8230,4091,49.70838396,146023,14448,2406,16.65282392,868,10.54678007,8230,2516,17.48922564,14386,14480,816,41.7604913,1954,8471.34131185,7256,50.11049724,7224,49.88950276,6.11858103,a9ffe57c-afe8-4aec-b709-f804bf60b8b7,47655074.3427734,38058.0801890481
277,Belcaro,7,10,24,0.60836502,753,19.08745247,775,19.64512041,683,14.02752105,1289,26.47360854,3945,81.02279729,716,28.95268904,1757,71.04731096,2473,686,27.73958755,96155,4869,363,7.45532964,181,7.31904569,2473,718,14.74635449,4869,4869,59,8.63836018,683,4179.32968153,4019,82.54261655,850,17.45738345,3,047c702c-24b0-451a-852a-f53f686879b7,32480739.8217773,24881.0390041369
278,Washington Park,70,6,105,1.86269292,781,13.85488735,955,16.94163562,1334,18.26896741,847,11.59956176,5637,77.19802794,477,15.01416431,2700,84.98583569,3177,690,21.71860246,215089,7302,313,4.28649685,41,1.29052565,3177,519,7.11446196,7295,7302,76,5.69715142,1334,4834.15744205,6509,89.13996165,793,10.86003835,3.85902551,9eae2c46-a37e-4558-9b23-546bdc286a54,42112769.8930664,30834.6168993115
279,Washington Park West,71,7,91,1.52326749,1101,18.42986274,1253,20.97422163,909,12.31373611,421,5.7030615,5974,80.92657816,2009,51.68510419,1878,48.31489581,3887,1225,31.51530744,141259,7382,463,6.272013,153,3.93619758,3887,488,6.64940728,7339,7382,106,11.66116612,909,8459.91309885,6167,83.54104579,1215,16.45895421,4.29655172,0bc4e05e-642e-449d-8e07-674785190c94,24327691.9746094,22033.04499616
280,Speer,59,10,294,2.74689339,2174,20.31206204,2677,25.01167897,608,5.07427808,666,5.55833751,10703,89.32565515,5724,72.10884354,2214,27.89115646,7938,2583,32.53968254,257653,11982,866,7.22750793,926,11.6654069,7938,961,8.041841,11950,11982,87,14.30921053,608,14031.42948159,10043,83.81739276,1939,16.18260724,2.34458063,e35f19a6-6046-4a72-b144-eab4fccf9b02,23807849.4023438,19917.380410521
281,Cherry Creek,13,10,57,0.9735269,1111,18.97523484,1298,22.16908625,362,5.6316117,1789,27.83136279,5855,91.0858743,2100,51.2195122,2000,48.7804878,4100,1245,30.36585366,208362,6428,299,4.65152458,521,12.70731707,4100,1027,16.02184087,6410,6428,105,29.00552486,362,7682.21765124,5396,83.94523958,1032,16.05476042,5.0296646,c2f66d91-ab8c-40f6-9383-a6ba66d2f5e1,23328242.9785156,20181.1335168791
282,Country Club,22,10,13,0.53169734,161,6.58486708,220,8.99795501,686,21.15977791,481,14.83652067,2445,75.41640962,155,11.36363636,1209,88.63636364,1364,254,18.62170088,160709,3242,74,2.28254164,7,0.51319648,1364,150,4.6267736,3242,3242,70,10.20408163,686,4992.67277947,2877,88.74151758,365,11.25848242,2.9,be360ed1-5207-46d6-a4f2-dbd0afae40b7,18103922.2871094,17113.19382028
283,Congress Park,20,10,311,3.42134213,1697,18.66886689,1964,21.60616062,1722,15.04587156,720,6.29095675,9090,79.42332896,3409,56.2634098,2650,43.7365902,6059,1982,32.71166859,192339,11370,1128,9.92084433,887,14.63937944,6059,886,7.77738764,11392,11445,407,23.63530778,1722,11120.4815312,8839,77.23023154,2606,22.76976846,3.3506529,0b117cd8-e18a-496d-a5e6-6d9936fe1008,28693595.6020508,21415.6010936069
284,City Park,14,9,49,1.63007319,534,17.76447106,638,21.22421823,525,14.61988304,415,11.55666945,3006,83.70927318,1174,61.69206516,729,38.30793484,1903,530,27.85076195,73969,3477,356,10.23871153,242,12.71676301,1903,242,6.96002301,3477,3591,284,54.0952381,525,4673.21590221,2816,78.41826789,775,21.58173211,1.3,18b090a0-b639-4c80-bd40-4de5160ce5b2,21423593.9672852,18660.4167263034
285,Capitol Hill,9,10,522,3.53970299,3994,27.08347461,5108,34.6375534,250,1.55086849,610,3.78411911,14747,91.48263027,9048,76.16802761,2831,23.83197239,11879,4581,38.56385218,344530,16075,1524,9.48055988,2420,20.37208519,11879,1982,12.32817068,16077,16120,74,31.4893617,235,23832.6954431,11919,73.93920596,4201,26.06079404,4.139084,b08f2274-4542-45fd-b6eb-1339b9bd7936,18857522.8930664,17446.2262570727
286,North Capitol Hill,47,10,129,2.0027946,1624,25.21347617,1801,27.96149666,164,2.24811515,445,6.10006854,6441,88.29335161,4325,87.88864052,596,12.11135948,4921,1792,36.41536273,186436,7223,825,11.42184688,1283,26.0719366,4921,951,13.15170792,7231,7295,63,40.38461538,156,20692.12063328,5174,70.9252913,2121,29.0747087,2.61968767,093e290c-51e4-4c4c-ad06-52b2b279f982,9829084.39697266,12487.5950127991
287,Civic Center,16,10,6,0.24865313,588,24.36800663,806,33.40240365,70,2.48933144,115,4.08961593,2413,85.81081081,1437,76.64,438,23.36,1875,711,37.92,93375,2812,249,8.85490754,241,12.85333333,1875,309,10.9886202,2812,2812,45,64.28571429,70,9253.59411417,1921,68.314367,891,31.685633,3,66cae562-4fcb-45ab-b8b7-04df57722865,8472228.09033203,13890.0455047812
288,CBD,10,9,140,4.24371022,973,29.493786,1026,31.10033343,20,0.43187217,205,4.4266897,3299,71.23731376,2067,73.14225053,759,26.85774947,2826,1017,35.98726115,208374,4256,987,23.19078947,960,33.97027601,2826,578,12.48110559,4631,4631,13,100,13,10743.19169238,3255,70.28719499,1376,29.71280501,4.91457341,a26b1bad-6931-4a2d-aa20-6327475f90bd,12018056.0600586,13717.962639335
289,Union Station,63,9,128,1.67648985,1230,16.11001965,1598,20.92992796,148,1.71534539,872,10.10662958,7635,88.49095967,4054,72.32827832,1551,27.67172168,5605,2132,38.03746655,309353,8628,855,9.90959666,1052,18.76895629,5605,907,10.51228558,8628,8628,87,58.78378378,148,19667.48272871,6860,79.50857673,1768,20.49142327,2.56002357,ee4a86d6-20f9-4ae2-b099-b42e65a97e02,12230779.2705078,14577.4684157181
290,Central Park,60,8,408,2.08418472,4963,25.35247242,5653,28.87719657,9561,31.93493437,1021,3.41026754,19576,65.38628545,3024,29.71406112,7153,70.28593888,10177,2650,26.03910779,372033,27842,804,2.88772358,388,3.81251842,10177,1244,4.44873583,27963,29939,1232,12.88568141,9561,3332.99903613,20022,66.87598116,9917,33.12401884,3.56434828,94aa3ce8-bb4d-408b-bcaa-e95dda455571,250434911.906738,95885.7158159308
291,Montbello,45,11,6032,28.85986316,16427,78.59432563,18020,86.21597053,10620,30.19876589,1992,5.66440129,20901,59.43355987,3584,36.77406115,6162,63.22593885,9746,3673,37.68725631,137438,35002,4456,12.7307011,640,6.56679663,9746,3282,9.33978372,35140,35167,2500,23.56045613,10611,6947.73788536,2948,8.38285893,32219,91.61714107,7.47287606,f6456940-82b5-4a2e-8aab-4f3031755cb8,141118731.907227,49232.5089944316
292,Lowry Field,42,5,97,1.38058639,1653,23.52690009,1969,28.0244805,1418,15.73632227,1241,13.77205638,7026,77.97136833,2063,46.56884876,2367,53.43115124,4430,1322,29.84198646,147530,8962,771,8.6029904,503,11.35440181,4430,827,9.20422927,8985,9011,291,20.83035075,1397,3494.2190682,6658,73.88747087,2353,26.11252913,5.11365228,3c6caca7-8002-43ea-a77e-2a8265f65bd2,71897804.6552734,41607.2250300468
293,West Colfax,74,1,597,7.20144753,3542,42.72617612,3794,45.76598311,1678,16.15636434,676,6.50876179,8290,79.8189871,3052,59.7611122,2055,40.2388878,5107,1523,29.8218132,241289,10338,1017,9.83749275,914,17.89700411,5107,1166,11.27877733,10338,10386,467,27.83075089,1678,10347.46530915,5754,55.40150202,4632,44.59849798,4.11664796,896bda5f-f0ee-4b77-a484-b47c1e0c44a1,27983827.0869141,24946.7645454051
294,West Highland,75,1,88,1.12517581,2013,25.73839662,2696,34.47129523,1477,15.21582363,454,4.67703719,7821,80.57072216,1812,35.66929134,3268,64.33070866,5080,1257,24.74409449,145793,9610,623,6.48283039,228,4.48818898,5080,595,6.17668431,9633,9707,323,22.60321903,1429,8646.84625441,8062,83.05346657,1645,16.94653343,2.96033607,5f470ff9-235e-456c-bd68-bde78cf08c3c,31298250.487793,23646.8559373394
295,Sloan Lake,56,1,429,6.96315533,1707,27.70654115,1875,30.43337121,1530,19.09158972,506,6.31395059,6161,76.87796356,1710,44.89367288,2099,55.10632712,3809,1190,31.24179575,202438,7979,1127,14.12457701,665,17.45865056,3809,1319,16.47514364,8006,8014,601,39.28104575,1530,5727.35873106,5849,72.98477664,2165,27.01522336,3.29784173,77ba1da0-9b07-408a-84c8-b1c7fa59c465,39011057.3637695,26370.1944756071
296,Berkeley,8,1,233,3.19659761,2013,27.61695706,2248,30.84099328,1601,17.53559693,672,7.36035049,7289,79.83570646,1378,31.7804428,2958,68.2195572,4336,1083,24.97693727,133749,9093,774,8.51204223,283,6.52675277,4336,989,10.87649841,9093,9130,420,26.75159236,1570,6094.94527477,6816,74.65498357,2314,25.34501643,4.35275362,aa17a9ac-8060-4d27-be2c-92c3d0dcc598,41763196.9677734,26780.9066406542
297,Regis,52,1,182,6.1155914,1442,48.45430108,1562,52.48655914,648,13.67088608,396,8.35443038,2976,62.78481013,580,33.42939481,1155,66.57060519,1735,545,31.41210375,40183,4005,760,18.97627965,192,11.06628242,1735,342,7.21518987,4740,4740,241,37.19135802,648,4656.48730272,3145,66.35021097,1595,33.64978903,4,ae6359ee-8355-40eb-9b78-1b3833b81ac2,28380019.4057617,28760.0002814859
298,Lincoln Park,41,3,611,12.20779221,2601,51.96803197,2826,56.46353646,1060,16.14377094,309,4.70606153,5005,76.22601279,2277,67.94986571,1074,32.05013429,3351,1284,38.31692032,84247,6505,1639,25.19600307,833,24.85825127,3351,991,15.1621787,6536,6566,410,39.84450923,1029,5145.59090599,2775,42.26317393,3791,57.73682607,6.18970588,6bab0095-b3e8-4810-a0a9-9f81c740201f,35576104.546875,25194.4615183795
299,City Park West,15,9,229,5.12763099,1489,33.34079713,1705,38.1773399,713,13.14043494,368,6.78215997,4466,82.30740877,2047,69.06207827,917,30.93792173,2964,1004,33.8731444,108455,5172,769,14.86852282,579,19.53441296,2964,582,11.1643967,5213,5426,326,45.72230014,713,10143.04599759,3518,64.83597494,1908,35.16402506,3.15975944,59c6f5fc-77a1-49a1-8d92-5f908e1ffab9,14914344.2744141,15458.9521753965
300,Whittier,77,9,228,6.42615558,1070,30.1578354,1204,33.93461105,1004,20.94721469,201,4.19361569,3548,74.02461924,881,41.07226107,1264,58.92773893,2145,417,19.44055944,58190,4705,477,10.1381509,323,15.05827506,2145,307,6.46996839,4745,4793,544,56.90376569,956,8511.99753589,2685,56.01919466,2108,43.98080534,2.3,50417586-9ab6-49c1-afd2-08f8da2ee92d,15698881.425293,15874.2658729748
301,Skyland,55,9,119,4.22435215,924,32.80085197,1221,43.34398296,427,12.48173049,342,9.99707688,2817,82.34434376,532,34.08071749,1029,65.91928251,1561,584,37.41191544,52932,3421,365,10.66939491,77,4.93273543,1561,476,13.91406022,3421,3421,55,12.88056206,427,4481.48162394,1891,55.27623502,1530,44.72376498,3,2e37bdc5-e369-4c7a-aed6-2047c9c4f4d7,21282577.5039063,18885.8211971761
302,Cole,18,9,527,17.13821138,1628,52.94308943,1804,58.66666667,924,20.54246332,129,2.86794131,3075,68.36371721,867,50.94007051,835,49.05992949,1702,632,37.13278496,37709,4425,663,14.98305085,306,17.97884841,1702,420,9.33748333,4498,4498,282,30.55254605,923,8783.85159332,1784,39.66207203,2714,60.33792797,5.8,31e46605-6c9c-49a8-97c5-123709953666,14276680.1850586,14883.8611166321
303,Marston,44,2,369,3.9900519,3999,43.24178201,4866,52.61678201,2405,19.84978541,1144,9.44206009,9248,76.32882139,1913,34.46846847,3637,65.53153153,5550,1614,29.08108108,133412,12116,778,6.42126114,68,1.22522523,5550,898,7.4227145,12098,12116,636,26.63316583,2388,3822.70424822,8448,69.72598217,3668,30.27401783,4.63131374,cab47968-2e38-43c9-9c9f-56de80a7e1dc,88365214.2724609,76905.2796009931
304,Washington Virginia Vale,72,5,541,5.05135387,4389,40.98039216,5014,46.81605976,2899,19.62098139,1426,9.65143824,10710,72.48730964,3859,57.28068873,2878,42.71931127,6737,3052,45.30206323,153701,14617,2001,13.68953958,539,8.00059374,6737,1841,12.57685476,14638,14775,770,26.56088306,2899,8079.21036144,8098,54.80879865,6677,45.19120135,6.58908851,67ab9a8c-8a7d-493b-9427-975fe6d62cdb,50986047.1040039,41286.481819441
305,Barnum,4,3,1162,30.11923276,3113,80.68947641,3209,83.17781234,1687,28.56417203,401,6.78970538,3858,65.32339993,868,44.92753623,1064,55.07246377,1932,974,50.41407867,19851,5893,1297,22.00916341,117,6.05590062,1932,686,11.61530647,5906,5906,516,30.58684055,1687,7655.76430415,1280,21.67287504,4626,78.32712496,5.7,41d8aeb7-223b-42eb-9832-b3f728a83f37,21507882.6171875,18715.2199318926
306,Barnum West,5,3,1118,29.65517241,2810,74.53580902,3030,80.37135279,1024,19.38659599,318,6.0204468,3770,71.37447936,553,28.43187661,1392,71.56812339,1945,784,40.30848329,28903,5273,193,3.66015551,59,3.03341902,1945,447,8.46270352,5282,5282,397,38.76953125,1024,7297.7125953,1278,24.19538054,4004,75.80461946,4,f919f9f1-51d7-440a-9e2f-5830259fa937,20179221.6518555,18309.0740646681
307,Villa Park,68,3,1653,27.702363,4257,71.34238311,4498,75.38126362,2256,25.46562817,395,4.45874252,5967,67.35523197,1727,53.15481687,1522,46.84518313,3249,1548,47.64542936,61164,8843,2419,27.35497003,537,16.52816251,3249,1528,17.24799639,8859,8859,1234,54.69858156,2256,8959.60099989,2346,26.48154419,6513,73.51845581,8.9705951,7e22332d-335c-4f8c-83c4-652ecedc8608,27566955.2719727,26360.7290202548
308,Clayton,17,9,718,24.75862069,1480,51.03448276,1667,57.48275862,1124,25.32101825,176,3.96485695,2900,65.33002929,790,45.90354445,931,54.09645555,1721,621,36.08367228,32015,4439,1084,24.4199144,137,7.96048809,1721,288,6.49672908,4433,4439,356,31.67259786,1124,5759.78942944,1431,32.23699031,3008,67.76300969,7.3,4eccedc0-f93c-405e-b0a3-8d5582869797,21486778.5585938,18648.7932249545
309,Gateway - Green Valley Ranch,28,11,3916,14.42357274,16966,62.48987109,19505,71.84162063,12389,28.27957726,1586,3.62026068,27150,61.97356708,3883,26.9148125,10544,73.0851875,14427,5555,38.50419353,125694,43738,3620,8.27655586,458,3.17460317,14427,3631,8.30588343,43716,43809,2398,19.39188096,12366,5950.87868549,8378,19.12392431,35431,80.87607569,6.1538075,71552201-c991-4f1c-99e9-b44a3c4b47c8,205246146.755371,66249.9633983831
310,Indian Creek,38,6,97,3.03314572,1035,32.36397749,1386,43.33958724,656,16.4,377,9.425,3198,79.95,572,29.28827445,1381,70.71172555,1953,464,23.75832053,47314,4000,449,11.225,11,0.56323605,1953,372,9.3,4000,4000,311,47.40853659,656,8206.29132875,2552,63.8,1448,36.2,2,1798ec6d-d1e7-4fb9-ac59-00c33096361e,13589573.6015625,22100.4223643114
311,Five Points,26,9,804,5.00217756,5630,35.02768618,6371,39.63790207,2187,10.81548885,641,3.16997181,16073,79.48667227,8822,80.28028028,2167,19.71971972,10989,3652,33.23323323,344189,20029,3138,15.66728244,1954,17.78141778,10989,2180,10.85062964,20091,20221,1284,59.63771482,2153,11501.43244898,12562,62.12353494,7659,37.87646506,5.96103245,83ddba69-1e06-42b3-b3e4-e13047dbcd11,49016631.8369141,32937.0055477697
312,Northeast Park Hill,49,8,840,13.68746945,3642,59.34495682,4103,66.85677041,2162,23.998224,654,7.25940726,6137,68.12076812,1644,48.08423516,1775,51.91576484,3419,1359,39.74846446,62526,8580,1513,17.63403263,394,11.52383738,3419,1163,13.36167279,8704,9009,912,42.39888424,2151,2705.11611325,2322,25.77422577,6687,74.22577423,6.67663923,84ec9b46-590b-4e2a-a9ef-6b179c872514,92850328.5898438,41938.7358582372
