OBJECTID,GEOID,NAME,Hsn__,H___P,Prcn_,Pr__P,Pr_____,P______,Prcnt_ln_,Prcnt_ln__,Prcnt_lw_,Prcnt_lw__,Prc___,Prc____P,Dmg_S,Ast__,As___P,Cncr_,Cn__P,Dbts_,Db__P,Hr___,H____,Lf_xp,Lf__P,Lw_b_,Lw___P,Mnt__,M___P,Pp__64,P__64_,Pp__5,P__5_,Sn_P_S,Hl__S_F_S,Ar_t_,Ar___P,Ds____PM_,D____PM__,Drn__,D___P,Ld_x_,Ld___P,Noise,Ns_Pr,Oth__,O___P,Ozone,Ozn_P,Fn_p_,F___P,Tr____,T_____,Envrnmntl_,Prxmty_t_h,Prxmty_t_1,Prx___,Prx____P,Pr__N_P_L_,P__N_P_L__,Prxmty_t_l,Prxmty_t_2,Pr__R_M_P_,P__R_M_P__,Im___,I____,Wst__,W___P,Envrnmnt_1,Drght,Drg_P,Fldpl,Fld_P,Ext__,E___P,Wldf_,Wl__P,Cl_V_S,Pl__C_B_S,EnS_S,Envrnmnt_2,Envrnmnt_3,C_V_S_,S_P_S_,D_S_P,P__C_B_S_P,H__S_F_S_P,ES_S_,Shape__Area,Shape__Length
1,08109,Saguache,0.252360794529469,20.3125,0.152838427947598,68.75,0.115486635380535,81.25,0.040052100293064,81.3559322033898,0.436672378875214,89.0625,0.416950728230555,78.125,63.2832728059978,51.021,94.6428571428571,42.1875,29.6875,84.375,84.375,54.6875,48.4375,82.6,8.06451612903226,11.93,80.6451612903226,19,85.9375,0.25612023551286,82.8125,0.047412457390765,54.6875,52.2580698646966,57.7706713353472,0,0,0.014608049192863,23.4375,15.6862745098039,15.6862745098039,0.265641569459173,56.25,29.4536028594492,7.8125,0.050071618441919,51.6129032258064,48.4324931506849,57.8125,4.53412191780822,9.375,10390.0267764333,9.375,21.3001803474017,0,0,0.688737777935445,30.1587301587302,0.001991319123999,10.7142857142857,0,0,0.604034738925167,82.051282051282,88.0952380952381,63.4920634920635,10456.9503269145,87.0967741935484,42.9770529714493,56.7049808429119,81.25,0,0,34.5,84.375,79.0056822721986,23.4375,54.3645937279594,34.985501848553,40.103788225871,12.5,60.9375,78.125,73.4375,81.25,34.375,81.25,62.5,0.843148725927222,4.39184276218802
2,08115,Sedgwick,0.289799809342231,56.25,0.192878338278932,89.0625,0.086728754365541,53.125,0.01906577693041,55.9322033898305,0.369224247562526,79.6875,0.243831033040569,57.8125,63.9781540526169,40.266,83.9285714285714,63.28125,81.25,88.28125,89.0625,89.84375,92.1875,76.1,100,8.434,20.9677419354839,18.7,78.125,0.251359263906315,81.25,0.079464659138436,98.4375,74.8059590798329,69.3920565662249,0,0,0.057576388498857,78.125,74.5098039215686,74.5098039215686,0.602761982128351,100,36.9795067481068,90.625,0.001857276171269,11.2903225806452,42.1170630136986,1.5625,6.08003835616438,62.5,33088.5293102844,31.25,34.0752056649701,0,0,0.023780010413864,4.76190476190476,0,0,1.23483949328699,13.953488372093,0.030752359793108,25.6410256410256,30.1587301587302,9.52380952380952,10541.5051496091,88.7096774193548,17.0465351680457,40.6130268199234,31.25,2.19753006476976,100,29,54.6875,24.4593431367526,7.8125,33.9924158105399,29.7973405771315,41.0276970078169,34.375,6.25,39.0625,98.4375,82.8125,20.3125,96.875,64.0625,0.152011002453037,1.70754546539818
3,08017,Cheyenne,0.141891891891892,3.125,0.112299465240642,40.625,0.070204081632653,43.75,0.027027027027027,67.7966101694915,0.270944741532977,43.75,0.200463499420626,34.375,28.7634979296586,0,0,82.03125,98.4375,56.25,57.8125,67.1875,73.4375,89.5,1.61290322580645,7.595,11.2903225806452,17.2,48.4375,0.200463499420626,57.8125,0.068366164542294,90.625,34.3347029973213,31.5491004634899,0.098986180194284,44,0.020237867721639,35.9375,84.3137254901961,84.3137254901961,0.413828689370485,82.8125,35.3377890233663,75,0.023544043886872,37.0967741935484,43.5226767123288,10.9375,6.11701369863014,64.0625,19806.0378578856,20.3125,42.3391308993535,0,0,0.099406406890348,6.34920634920635,0,0,27.8901528683489,55.8139534883721,0.487960490730983,76.9230769230769,134.126984126984,98.4126984126984,5.67895295895253,17.741935483871,34.3173862070935,50.1915708812261,68.75,0,0,24.25,31.25,17.8489200676241,4.6875,21.595072593785,35.1476801498964,22.0025756304248,57.8125,46.875,12.5,34.375,29.6875,35.9375,32.8125,28.125,0.478627643633445,3.11127004615321
4,08027,Custer,0.224667583677212,9.375,0.141509433962264,59.375,0.030631106416689,17.1875,0,0,0.334700574241181,64.0625,0.128761514841351,9.375,22.4839470508185,20.96,50,60.15625,71.875,38.28125,39.0625,52.34375,46.875,82.7,6.45161290322581,13.402,88.7096774193548,16.8,35.9375,0.296622313203685,92.1875,0.016376663254862,1.5625,29.9680656665387,26.2260063586786,0,0,0.008684378098378,6.25,9.80392156862745,9.80392156862745,0.154213416089759,39.0625,31.2157432944398,35.9375,0.006988569856217,24.1935483870968,48.7101136986301,67.1875,4.69860273972603,18.75,173.034750495396,1.5625,15.9055846175157,0,0,5.98236052276879,57.1428571428571,0,0,0.251055438155572,9.30232558139535,0,0,101.587301587302,90.4761904761905,4.037333e-08,1.61290322580645,16.6887583400068,36.7816091954023,25,0,0,33.75,76.5625,445.463434112949,70.3125,51.2463436812521,24.9365678140726,12.9765342231916,6.25,4.6875,70.3125,21.875,18.75,1.5625,21.875,6.25,0.196859179422972,2.36450206082872
5,08067,La Plata,0.29804768410383,59.375,0.101475350845628,31.25,0.041645002352126,25,0.001674672777753,6.77966101694915,0.250706305973594,35.9375,0.232856402836575,46.875,28.4456019985254,17.989,39.2857142857143,61.71875,76.5625,23.4375,23.4375,36.71875,34.375,82.1166666666667,17.741935483871,9.004,41.9354838709677,16.2,25,0.190182734044263,50,0.044370612507368,40.625,35.5876226556237,32.0166123270745,0.388408875556465,60,0.027325008243604,51.5625,50.9803921568627,50.9803921568627,0.151241455034888,35.9375,31.2684076268989,37.5,0.798632431041861,77.4193548387097,48.1060566210046,51.5625,4.86871438356164,28.125,183964.433115871,78.125,49.7423105777246,0,0,15.4755749169573,71.4285714285714,0,0,1262.90939169309,86.046511627907,0.036508406915213,30.7692307692308,63.4920634920635,34.9206349206349,8.52240025883522,19.3548387096774,41.8137108757196,70.4980842911877,100,0.212048723008779,55.8823529411765,28.75,53.125,787.424769381097,84.375,70.7451795576185,53.0108778971968,33.6767559563036,75,57.8125,87.5,39.0625,26.5625,79.6875,34.375,53.125,0.447277697848676,3.0228193688731
6,08111,San Juan,0.281899109792285,43.75,0.06231884057971,4.6875,0.043478260869565,28.125,0.017804154302671,50.8474576271186,0.33768115942029,65.625,0.215942028985507,42.1875,30.5437509453079,0,0,42.1875,29.6875,28.90625,29.6875,55.46875,53.125,0,0,27.273,100,17.2,48.4375,0.240579710144928,76.5625,0.023188405797101,3.125,34.158528152563,32.3511395489354,0,0,0.00671193717061,4.6875,0,0,0.355281207133059,73.4375,31.7055957743334,46.875,0,0,49.2835178082192,76.5625,4.41057260273973,4.6875,6972.54110492991,6.25,18.1874986847989,0,0,0.014236200703154,3.17460317460317,0.087600519758722,50,0,0,0,0,66.6666666666667,39.6825396825397,51.3313159563275,32.258064516129,21.2311883914571,41.7624521072797,34.375,0,0,32.5,70.3125,194.926266947002,51.5625,49.9501048484349,26.8890726523724,17.2605759631529,10.9375,12.5,67.1875,32.8125,32.8125,4.6875,35.9375,17.1875,0.102833643399663,1.7166406564813
7,08097,Pitkin,0.3675129405965,98.4375,0.089389030317056,21.875,0.018297651677902,6.25,0.027236874537836,69.4915254237288,0.156431054461182,6.25,0.18955266955267,31.25,23.8199999609607,4.19,8.92857142857143,50,43.75,3.90625,1.5625,3.90625,1.5625,82.3666666666667,9.67741935483871,11.343,74.1935483870968,14.8,6.25,0.202886002886003,59.375,0.046580086580087,48.4375,13.2169835647975,18.5184917628791,0.052131960821775,32,0.014500407884048,21.875,0,0,0.039473684210526,6.25,31.2766234798901,39.0625,0.043495537099539,46.7741935483871,49.7433598173516,84.375,4.90627077625571,31.25,124207.628310601,67.1875,33.0283658221085,0,0,5.70598588276742,55.5555555555556,0,0,0,0,0,0,1.58730158730159,1.58730158730159,86.2707208216143,38.7096774193548,15.0568976827665,42.5287356321839,39.0625,0.194298096275068,50,35.25,87.5,269.62863340564,56.25,55.6820421469419,34.1989178684814,12.566312418799,28.125,3.125,79.6875,3.125,20.3125,32.8125,6.25,3.125,0.262895373444735,2.99758279312474
8,08093,Park,0.252341311134235,18.75,0.113250671390206,43.75,0.024400564174894,10.9375,0.002211238293444,8.47457627118644,0.176730570542992,9.375,0.122236744899699,7.8125,13.3136187352552,14.935,28.5714285714286,60.15625,71.875,21.875,17.1875,21.875,17.1875,80.2666666666667,46.7741935483871,11.842,79.0322580645161,17.5,57.8125,0.219526055577655,70.3125,0.033983065295221,18.75,38.1436622768449,25.72864050605,0,0,0.011622950658315,14.0625,25.4901960784314,25.4901960784314,0.069164671080434,10.9375,31.531873385488,45.3125,0.030543789170089,40.3225806451613,50.9396077625571,95.3125,5.02876392694064,32.8125,20227.4395406454,21.875,28.9255862996353,0,0,8.10506272653043,61.9047619047619,0.024191331280256,39.2857142857143,0,0,0,0,63.4920634920635,34.9206349206349,19.3017603214978,20.9677419354839,36.5298699759714,28.3524904214559,14.0625,0,0,32.5,70.3125,327.337476440324,64.0625,39.8626640303737,33.5609266514039,17.1332857572141,21.875,51.5625,48.4375,43.75,4.6875,31.25,18.75,15.625,0.596270781632938,3.7923077759729
9,08003,Alamosa,0.264410446607943,34.375,0.157930649463433,73.4375,0.101866014071582,70.3125,0.019935095039407,59.3220338983051,0.404728253886676,85.9375,0.543134872417983,96.875,66.6500683394107,16.58,32.1428571428571,35.15625,10.9375,84.375,84.375,77.34375,81.25,77.62,90.3225806451613,11.74,75.8064516129032,19.6,90.625,0.14501822600243,18.75,0.058748481166464,76.5625,50.5282408127427,58.5891545760767,0.219988003980433,56,0.047097309250434,76.5625,45.0980392156863,45.0980392156863,0.21089779785432,48.4375,28.7196375253577,3.125,0.065794755386079,59.6774193548387,47.9395594520548,48.4375,5.13745753424658,35.9375,175258.717177007,75,39.385168941734,0,0,6.90659015132362,58.7301587301587,0,0,0,0,0.033060563248231,28.2051282051282,50,20.6349206349206,1192.13397879068,58.0645161290323,37.5340749355655,47.5095785440613,59.375,0,0,33.25,73.4375,47.3417908705296,17.1875,42.1610488051715,39.6163654060513,46.0555248565592,46.875,53.125,53.125,68.75,85.9375,48.4375,82.8125,71.875,0.191063930146811,1.8356252995526
10,08099,Prowers,0.284446416685156,46.875,0.175441561734133,82.8125,0.145167705157099,92.1875,0.043044153538939,84.7457627118644,0.422887718995426,87.5,0.435411096256685,82.8125,77.6822612998035,28.579,71.4285714285714,60.9375,75,89.0625,92.1875,82.8125,89.0625,78.86,72.5806451612903,11.186,70.9677419354839,20.3,96.875,0.180147058823529,40.625,0.066176470588235,89.0625,75.4683159274607,76.5752886136321,0.506203822019308,64,0.040350365420917,70.3125,100,100,0.374931481819843,76.5625,34.6414508157077,67.1875,0.094370364056894,61.2903225806452,42.8607994520548,4.6875,6.20823178082192,75,144815.708361339,73.4375,53.6184656283277,0,0,17.535993239537,76.1904761904762,0,0,4.54371571510218,41.8604651162791,0.215234085318433,53.8461538461538,100,88.8888888888889,47.2371879280708,30.6451612903226,54.201806673184,57.8544061302682,82.8125,0.211893570868481,52.9411764705882,20.75,4.6875,75.561402307508,21.875,25.8937354452214,46.8331183437652,71.1592880130366,78.125,73.4375,20.3125,100,98.4375,71.875,100,96.875,0.436577953222468,2.65950729311872
11,08081,Moffat,0.288027761711972,53.125,0.149992351231452,62.5,0.086942038640906,56.25,0.019086176980914,57.6271186440678,0.344538455674975,71.875,0.215764812575574,40.625,56.175886852109,10.341,19.6428571428571,58.59375,67.1875,70.3125,71.875,78.90625,85.9375,77.925,88.7096774193548,9.517,54.8387096774194,19.8,93.75,0.152282345828295,23.4375,0.060837363966143,78.125,57.4408031384875,56.8083449952983,0.119716642899787,50,0.028434085012412,57.8125,39.2156862745098,39.2156862745098,0.217191601049869,50,27.5835224135339,1.5625,0.408760579810642,70.9677419354839,48.4709520547945,59.375,6.17789931506849,71.875,91608.3051876889,56.25,37.6184357851342,0.001678269284531,5.55555555555556,24.0267538368533,79.3650793650794,0,0,43.5279794998709,60.4651162790698,0.129113160456465,43.5897435897436,30.952380952381,11.1111111111111,595.374789040837,54.8387096774194,29.8548673424116,45.5938697318008,53.125,0,0,35.75,90.625,595.331638970349,75,71.2091948561925,44.0752334422181,49.6817212919686,43.75,32.8125,90.625,81.25,70.3125,60.9375,78.125,76.5625,1.30950045638565,5.03264629202392
12,08059,Jefferson,0.287831624519658,51.5625,0.104758093282641,34.375,0.047716371907501,31.25,0.011540784991526,33.8983050847458,0.163399686495725,7.8125,0.235022454045432,51.5625,30.1847867817989,30.113,73.2142857142857,71.875,90.625,38.28125,39.0625,32.8125,29.6875,79.8201550387597,54.8387096774194,9.137,45.1612903225806,16.4,29.6875,0.170723094334552,35.9375,0.048380845415912,60.9375,47.5339750186653,38.8593809002321,72.4007141503192,98,0.188721038451342,92.1875,11.7647058823529,11.7647058823529,0.138947283799264,31.25,37.371866405474,92.1875,8.67160442181745,90.3225806451613,49.0194097203978,71.875,7.98877361606305,89.0625,1849781.46769292,95.3125,63.5366722777848,1.52716107484742,83.3333333333333,33.4340470373952,85.7142857142857,0.40023836372864,75,1.23618010174654,16.2790697674419,0.243353700353291,61.5384615384615,95.2380952380952,82.5396825396825,34692.3428100627,98.3870967741936,63.9169097393544,23.7547892720307,10.9375,0.331020074013749,67.6470588235294,24,25,1837.66490909091,98.4375,36.7338875578352,56.9310354631898,43.8969995089375,87.5,85.9375,40.625,60.9375,31.25,87.5,40.625,70.3125,0.210194058863635,2.85932344564153
13,08117,Summit,0.314382978723404,71.875,0.062287655719139,3.125,0.057671517671518,40.625,0.031489361702128,72.8813559322034,0.205010723337883,18.75,0.220965918268454,45.3125,28.7525366395997,2.604,5.35714285714286,48.4375,40.625,17.96875,14.0625,25,20.3125,82.1666666666667,16.1290322580645,13.561,90.3225806451613,15.3,9.375,0.148732030366661,21.875,0.033144887740268,15.625,18.7772914640037,23.7649140518017,0.172746981859294,52,0.0249734811828,45.3125,78.4313725490196,78.4313725490196,0.019296686555795,3.125,32.4725027527335,53.125,0.065674168073496,58.0645161290323,51.0388349315068,96.875,5.07161689497717,34.375,179797.106562586,76.5625,42.5189359339756,0,0,0.473029806093606,19.047619047619,0.025253491114727,42.8571428571429,0,0,0,0,48.4126984126984,17.4603174603175,28488.6279622679,96.7741935483871,34.2703785742084,31.0344827586207,20.3125,0.089649775784921,38.2352941176471,32,64.0625,150.042255440956,45.3125,38.7491722863034,39.5143556821157,18.6329246872974,59.375,45.3125,46.875,9.375,28.125,45.3125,15.625,20.3125,0.168271888245727,2.59952842272637
14,08101,Pueblo,0.312729169771948,68.75,0.184784855374664,84.375,0.099642961864188,65.625,0.014592338649575,40.6779661016949,0.368280799321906,78.125,0.494947512415618,93.75,69.5738532686976,50.859,92.8571428571429,50.78125,53.125,85.15625,85.9375,60.15625,60.9375,76.5722222222222,95.1612903225807,10.759,67.741935483871,18,64.0625,0.188854194546049,48.4375,0.055009367472567,70.3125,69.1887201430708,69.3812867058842,7.03600511787643,82,0.10961257368491,84.375,62.7450980392157,62.7450980392157,0.345406555745951,67.1875,33.2041101334114,60.9375,17.134508849722,96.7741935483871,47.0670904109589,37.5,6.1481355692017,67.1875,748352.715160451,87.5,69.5178665320149,0.55027600640716,50,71.8916452639441,93.6507936507936,0.816268869068752,78.5714285714286,0,0,0.709983282537179,87.1794871794872,92.8571428571429,74.6031746031746,15725.2207253737,93.5483870967742,77.9218054190898,42.911877394636,42.1875,0.22563406635036,58.8235294117647,22.75,14.0625,195.530562892528,53.125,36.8998063362268,63.4643362048366,87.3699259437749,95.3125,96.875,43.75,93.75,90.625,95.3125,95.3125,100,0.638492540038442,3.43119579056336
15,08013,Boulder,0.34964390134193,90.625,0.085419053629307,20.3125,0.042704789712654,26.5625,0.01608066571707,47.4576271186441,0.218319881590932,26.5625,0.237566102148738,54.6875,38.7219509470507,21.091,51.7857142857143,42.1875,29.6875,14.84375,10.9375,16.40625,9.375,81.63,22.5806451612903,8.266,17.741935483871,15.4,10.9375,0.152861028789806,25,0.040644073778822,26.5625,19.7572441710918,29.2395975590712,7.71333137088295,84,0.116566291562626,85.9375,66.6666666666667,66.6666666666667,0.125390938038537,26.5625,36.3952017191443,85.9375,4.03268229920153,88.7096774193548,49.3563172462241,79.6875,8.41283747804707,92.1875,898711.967075697,89.0625,73.6499202246318,2.15274698052676,94.4444444444444,42.0464642081186,90.4761904761905,0.144944796168361,57.1428571428571,3304.82135975188,93.0232558139535,0.274399434301921,66.6666666666667,102.380952380952,92.0634920634921,9880.42612760392,85.4838709677419,81.4743029435382,19.9233716475096,4.6875,0.651241312304671,76.4705882352941,23.5,18.75,1369.93399992396,95.3125,28.290896585514,64.266259994579,37.2858710630843,98.4375,98.4375,26.5625,12.5,45.3125,96.875,26.5625,59.375,0.20253550776124,2.38337400722111
16,08031,Denver,0.350881212766748,92.1875,0.098917879282033,26.5625,0.094514959638528,60.9375,0.03405952366208,76.271186440678,0.255800836860813,39.0625,0.461433595948227,85.9375,58.0347536251519,61.757,98.2142857142857,29.6875,4.6875,54.6875,54.6875,46.875,42.1875,78.524375,79.0322580645161,10.09,62.9032258064516,17.4,53.125,0.119959200900394,3.125,0.055599324704558,71.875,34.1401771639682,46.08746539456,19.7281654835244,88,0.473131657586858,100,0,0,0.367516533240515,75,49.6069846337595,100,33.809008368304,100,47.0564457595813,35.9375,9.03125522548869,95.3125,4662260.62372032,100,83.038636099811,2.59474781814866,100,0.001670051907019,1.58730158730159,1.87029544856383,89.2857142857143,0.006048449591688,2.32558139534884,1.22661863685995,100,138.888888888889,100,3765.6053833912,70.9677419354839,30.2893926834694,25.2873563218391,12.5,1.55348473681588,91.1764705882353,24,25,1124.92479970867,93.75,40.4274192866193,59.1985210424277,54.1356751280173,100,35.9375,51.5625,31.25,78.125,90.625,57.8125,82.8125,0.0421204704693992,2.72568391444805
17,08085,Montrose,0.270918906231663,39.0625,0.132652579945288,54.6875,0.106957391220204,73.4375,0.036028635136721,77.9661016949153,0.29494806421152,50,0.252434439436751,60.9375,57.7946637133849,21.38,57.1428571428571,48.4375,40.625,52.34375,51.5625,60.9375,65.625,78.9666666666667,67.741935483871,9.86,59.6774193548387,18.3,67.1875,0.248955000817318,78.125,0.048268453868248,59.375,59.8795749153406,58.8371193143628,1.03800332859029,68,0.044540279102047,73.4375,37.2549019607843,37.2549019607843,0.152965171007217,37.5,30.2567771350997,17.1875,0.291027122570712,69.3548387096774,46.7149648401826,29.6875,5.16555296803653,39.0625,209067.73028702,79.6875,45.0776895042713,0,0,26.3736352417083,80.9523809523809,0.00328118827885,17.8571428571429,0.087633257752815,4.65116279069767,0.138987582747408,46.1538461538462,69.8412698412698,44.4444444444444,1966.27313227172,59.6774193548387,30.6130376564785,63.9846743295019,93.75,0.080064907998226,35.2941176470588,42,100,419.121725925275,65.625,68.2630565634499,47.2578683071177,55.1715779062146,68.75,37.5,84.375,85.9375,75,73.4375,85.9375,87.5,0.599091964184936,4.59010180855295
18,08037,Eagle,0.394891455885282,100,0.062378378378378,6.25,0.076036693578624,46.875,0.04097789285003,83.0508474576271,0.2269206463844,28.125,0.357861635220126,71.875,41.2387942904095,3.06,7.14285714285714,23.4375,3.125,20.3125,15.625,12.5,6.25,82.2833333333333,11.2903225806452,8.936,40.3225806451613,16,18.75,0.13644204851752,9.375,0.049308176100629,62.5,13.0401032297867,27.1394487600981,1.14077076558983,70,0.027382395920969,53.125,31.3725490196078,31.3725490196078,0.037998426816724,4.6875,30.9303305798474,29.6875,0.821720358529248,79.0322580645161,49.9725589041096,89.0625,5.18557414383562,40.625,138340.776946156,68.75,40.8844877417637,0,0,10.0477348969858,68.2539682539683,0.142916056455802,53.5714285714286,0,0,0,0,66.6666666666667,39.6825396825397,2646.803810525,66.1290322580645,55.6561537475738,37.1647509578544,26.5625,0.169599424875258,44.1176470588235,34,79.6875,272.216497761803,57.8125,48.2029158936692,46.4070112811926,24.9904742494122,54.6875,78.125,60.9375,1.5625,51.5625,68.75,23.4375,32.8125,0.459671322305894,3.15804994189259
19,08113,San Miguel,0.32987012987013,81.25,0.05281428217208,1.5625,0.018147086914995,4.6875,0.037662337662338,79.6610169491525,0.295624067628046,53.125,0.153674832962138,17.1875,18.7380199135847,0,0,75.78125,92.1875,14.84375,10.9375,23.4375,18.75,80.4,43.5483870967742,10.266,66.1290322580645,15.8,15.625,0.164686958673596,32.8125,0.028334570650829,7.8125,26.1412062930857,22.4396131033352,0.001406831402003,10,0.008833457263428,7.8125,29.4117647058824,29.4117647058824,0.069622181596588,12.5,30.1716566099353,14.0625,0.007061425860147,25.8064516129032,48.2577232876712,56.25,4.52119452054795,7.8125,12413.7893252724,10.9375,15.4479692955395,0,0,3.02845383037609,44.4444444444444,0,0,0.126511864330074,6.97674418604651,0,0,88.8888888888889,66.6666666666667,126.838924052055,45.1612903225806,31.0839599665113,59.3869731800766,87.5,0,0,36,92.1875,459.495566911251,71.875,83.3846255408916,36.3411310246205,16.1809374862848,4.6875,39.0625,100,18.75,14.0625,37.5,10.9375,12.5,0.342388945365883,3.44955828631559
20,08023,Costilla,0.264705882352941,35.9375,0.264011379800853,100,0.11654566297287,82.8125,0.079084967320261,96.6101694915254,0.502702702702703,95.3125,0.664402942840973,100,80.594006086285,15.209,30.3571428571429,9.375,1.5625,96.875,100,94.53125,96.875,79.5,62.9032258064516,18.935,98.3870967741936,18.7,78.125,0.277589134125637,90.625,0.046972269383135,50,46.4504787838248,63.5222424350549,0.0261395887335,26,0.009718668213889,10.9375,1.96078431372549,1.96078431372549,0.294239535847493,60.9375,29.7432303017042,9.375,0.017858409684808,33.8709677419355,48.1758739726027,53.125,4.68577397260274,17.1875,16643.1997272673,17.1875,17.6862829487203,0,0,1.57273068731288,36.5079365079365,0,0,0,0,0,0,45.2380952380952,15.8730158730159,21.2690544855082,24.1935483870968,24.112862457532,50.9578544061303,70.3125,0,0,32.5,70.3125,92.8406612250497,28.125,51.8066929496304,27.8230303261508,35.0687370718954,9.375,17.1875,71.875,59.375,100,9.375,92.1875,57.8125,0.323925142729649,2.63276738864599
21,08014,Broomfield,0.264093279739561,32.8125,0.079124556225091,14.0625,0.037390169972758,23.4375,0.016343885991429,49.1525423728814,0.124266637627105,3.125,0.253996159359533,62.5,21.6794467212397,20.828,48.2142857142857,42.1875,29.6875,22.65625,20.3125,7.8125,3.125,81.3315789473684,29.0322580645161,8.834,33.8709677419355,14.5,4.6875,0.146769264057556,20.3125,0.04745354718308,56.25,19.8502730763616,20.7648598988007,6.7551866867586,78,0.227701834999547,95.3125,0,0,0.046780266768779,7.8125,45.2247968983309,98.4375,0.602600900154992,75.8064516129032,48.2197865296804,54.6875,9.27115331050228,96.875,1288240.95189822,93.75,61.8901503221621,0.751858352219969,61.1111111111111,0,0,0.198520048780366,67.8571428571429,1400.2929606462,88.3720930232558,0.066232541778527,33.3333333333333,63.4920634920635,34.9206349206349,4758.14395344004,75.8064516129032,56.4438101758111,19.9233716475096,4.6875,1.21269183575765,88.2352941176471,23,15.625,966.278385197645,90.625,27.6638687855618,51.9719949014243,21.4135301016841,82.8125,81.25,25,14.0625,17.1875,76.5625,9.375,26.5625,0.00915786396808471,1.17462701589457
22,08015,Chaffee,0.339620560335319,87.5,0.13007593265104,53.125,0.06956802063185,42.1875,0.015552614162806,44.0677966101695,0.295343069716175,51.5625,0.15431404620732,18.75,45.0461722756104,17.539,35.7142857142857,39.0625,15.625,39.84375,43.75,41.40625,35.9375,79.88,53.2258064516129,9.777,56.4516129032258,17,39.0625,0.26277857288898,84.375,0.03920466162339,25,39.1731889729558,42.1096806242831,0.006978429429206,14,0.016040636529884,26.5625,60.7843137254902,60.7843137254902,0.228323699421965,51.5625,31.0412636975014,31.25,0.098662534140354,62.9032258064516,49.8247273972603,87.5,4.63480136986301,12.5,67047.1186431531,51.5625,36.9761710816809,0,0,17.8713854763849,77.7777777777778,0.149895759033106,60.7142857142857,0,0,0,0,58.7301587301587,28.5714285714286,52.7676825961649,33.8709677419355,46.2355997367655,42.911877394636,42.1875,0.042887490774273,23.5294117647059,37.5,93.75,131.871228926353,40.625,44.0950538821867,41.0707489455785,34.3166152825681,40.625,64.0625,57.8125,45.3125,56.25,53.125,46.875,54.6875,0.272389119316358,3.12582189458377
23,08025,Crowley,0.259315589353612,25,0.21263205214655,96.875,0.189692197566213,100,0.012167300380228,37.2881355932203,0.532479208810969,100,0.475786924939467,87.5,65.5071051427735,5.121,12.5,38.28125,14.0625,93.75,96.875,64.84375,70.3125,76.4,98.3870967741936,13.38,87.0967741935484,18,64.0625,0.144240747146316,17.1875,0.029920442753372,12.5,37.3430074972168,51.4250563199952,0,0,0.030484927273624,60.9375,23.5294117647059,23.5294117647059,0.477377049180328,90.625,32.8468698863847,57.8125,0.000175106355537,3.2258064516129,45.2003054794521,20.3125,5.90581917808219,59.375,7117.05650884564,7.8125,26.2917867597857,0,0,0.442411379427184,15.8730158730159,0,0,0,0,0.020193624360263,17.9487179487179,95.2380952380952,82.5396825396825,73.3205431668446,35.4838709677419,30.2236330144639,44.8275862068966,48.4375,0,0,23.75,20.3125,50.147467219742,18.75,26.422999917688,27.3075516129308,27.8642536598281,18.75,34.375,21.875,40.625,84.375,6.25,68.75,40.625,0.213559164024218,1.95538803343009
24,08043,Fremont,0.289755048933643,54.6875,0.18894168041161,87.5,0.101613835882879,68.75,0.000735418905923,3.38983050847458,0.367845865403592,76.5625,0.217524996436353,43.75,39.3903792508215,20.416,42.8571428571429,57.8125,65.625,59.375,60.9375,78.125,84.375,76.5666666666667,96.7741935483871,8.271,19.3548387096774,17.2,48.4375,0.218930091432993,68.75,0.041012482945405,29.6875,51.7841029502948,45.5872411005582,2.33757998698588,72,0.024151771906252,43.75,54.9019607843137,54.9019607843137,0.279923160279775,59.375,31.9890869754734,50,1.4633365923008,82.258064516129,48.7247576255708,68.75,5.15259853881279,37.5,103435.184624496,59.375,57.1121723438765,0.002397500591953,11.1111111111111,38.7600143750941,88.8888888888889,0.84721180963431,82.1428571428571,249.297758361114,76.7441860465116,0.233960899805385,58.974358974359,91.2698412698413,69.8412698412698,295.107699760073,50,53.6672539595676,49.0421455938697,67.1875,0.046195431151755,26.4705882352941,27.5,46.875,863.983953198357,87.5,51.9697170059683,54.9653289133222,49.7189578478249,81.25,71.875,73.4375,70.3125,48.4375,85.9375,54.6875,78.125,0.410342123589999,3.08873252713763
25,08055,Huerfano,0.282933611400765,45.3125,0.205808267891539,93.75,0.070902750871755,45.3125,0.002780674313521,16.9491525423729,0.394725144465847,82.8125,0.385005800464037,75,52.2138132995488,33.735,80.3571428571429,57.8125,65.625,89.84375,93.75,78.125,84.375,81.4,27.4193548387097,8.451,22.5806451612903,18.4,71.875,0.331496519721578,95.3125,0.047128770301624,51.5625,59.3400948899169,55.7769540947328,0.007099480348791,16,0.019551940760484,32.8125,86.2745098039216,86.2745098039216,0.351625158294639,71.875,31.1054247915113,32.8125,0.006955659190234,22.5806451612903,47.516902283105,40.625,4.70559452054794,21.875,77276.3276982126,53.125,36.4607996846727,0,0,1.85893841567865,38.0952380952381,0,0,1.38492370092436,20.9302325581395,0,0,94.4444444444444,77.7777777777778,0.00771050089476,6.45161290322581,25.1502406310843,48.2758620689655,64.0625,0,0,25.5,40.625,175.596480689728,50,50.6744550506791,37.1865737627772,41.1557799097616,39.0625,18.75,68.75,84.375,64.0625,39.0625,76.5625,67.1875,0.421500957655098,3.86938678479044
26,08029,Delta,0.279132349343554,42.1875,0.193822086702903,90.625,0.099960696973667,67.1875,0.012313463263476,38.9830508474576,0.342080786606431,68.75,0.205947454527957,37.5,54.3646605909943,22.181,60.7142857142857,62.5,78.125,61.71875,62.5,75,79.6875,78.9111111111111,70.9677419354839,11.268,72.5806451612903,18.7,78.125,0.269175247810605,85.9375,0.044140762839637,39.0625,68.1983661397793,61.2815133653868,0.00030699488656,6,0.028329809913443,56.25,68.6274509803922,68.6274509803922,0.262650764773263,54.6875,30.3127394055578,20.3125,0.054115858829501,53.2258064516129,46.4665433789954,28.125,5.38780334855403,45.3125,66349.4282522955,50,35.3981573953292,0,0,31.7987125150645,84.1269841269841,0,0,0.922742302956408,11.6279069767442,0.073648922846038,35.8974358974359,39.6825396825397,12.6984126984127,253.402871860796,48.3870967741936,29.2951590385854,62.0689655172414,90.625,0.269436348469007,64.7058823529412,39.75,96.875,423.521623012275,67.1875,78.6000812755847,44.6728887762071,54.3204544606074,35.9375,28.125,96.875,92.1875,67.1875,65.625,87.5,84.375,0.308746182307004,2.74902160132733
27,08045,Garfield,0.337874050915587,85.9375,0.090611389461964,23.4375,0.107002760424234,75,0.052970075926753,93.2203389830508,0.250629246384918,34.375,0.346432566509411,70.3125,56.9276860612347,17.855,37.5,40.625,18.75,39.84375,43.75,31.25,26.5625,80.6909090909091,38.7096774193548,8.72,30.6451612903226,17,39.0625,0.13648817340272,10.9375,0.064442390934293,84.375,31.9754737929673,44.451579927101,4.27861787658189,76,0.040083713328531,68.75,58.8235294117647,58.8235294117647,0.133837864516925,29.6875,30.6776445379367,26.5625,0.56723458803887,74.1935483870968,48.078895890411,50,5.51034246575342,50,143038.515700267,71.875,52.8764952753022,0,0,28.7643458501438,82.5396825396825,0,0,3494.26505003965,95.3488372093023,0.084078831253466,41.025641025641,80.1587301587302,53.968253968254,2493.76766842449,64.5161290322581,64.5904110045656,56.3218390804598,79.6875,0.011719041823923,11.7647058823529,34.5,84.375,429.709215738554,68.75,48.2908045669011,54.6585515305178,48.2097851452339,76.5625,87.5,62.5,28.125,71.875,84.375,51.5625,75,0.802786703547099,5.50838861254478
28,08103,Rio Blanco,0.22483087942698,10.9375,0.165150564617315,76.5625,0.077596131706194,50,0.018304814962197,52.5423728813559,0.298947368421053,54.6875,0.176317001996621,28.125,38.7464938924192,21.375,55.3571428571429,68.75,87.5,39.84375,43.75,56.25,54.6875,78.95,69.3548387096774,7.895,12.9032258064516,18.9,81.25,0.159883274458609,29.6875,0.063738289049301,82.8125,50.3283702368233,44.5374320646212,0.110812202472336,48,0.015966401583572,25,3.92156862745098,3.92156862745098,0.191814294441051,46.875,30.0109853807727,12.5,0.033757576863123,43.5483870967742,47.8886383561644,45.3125,6.69125890410959,84.375,14149.1953441452,14.0625,26.5050576542107,0,0,5.55565812789235,53.968253968254,0,0,523.503788496987,83.7209302325581,0.022810980211396,20.5128205128205,73.015873015873,47.6190476190476,34.0197867820692,25.8064516129032,40.8602818695615,54.0229885057471,78.125,0,0,33.5,75,1071.82363267944,92.1875,81.4406273542921,43.8277561330687,38.7314971910615,20.3125,56.25,98.4375,67.1875,46.875,59.375,53.125,60.9375,0.880092303500987,5.18126856819404
29,08087,Morgan,0.315949227373068,73.4375,0.101069032979318,29.6875,0.173401832530057,98.4375,0.050680647534952,89.8305084745763,0.343527763180942,70.3125,0.431847133757962,81.25,69.2344068173274,32.42,76.7857142857143,55.46875,59.375,69.53125,70.3125,64.0625,68.75,79.7125,56.4516129032258,8.833,32.258064516129,17.4,53.125,0.156722327422964,26.5625,0.071096574281288,95.3125,55.9789352899398,62.6066710536336,0.487435411326916,62,0.106115710625877,82.8125,47.0588235294118,47.0588235294118,0.346446481065191,70.3125,36.1061202093258,78.125,2.86905594404118,85.4838709677419,45.7675924657534,23.4375,7.17089349315069,85.9375,139779.782638648,70.3125,63.1920490511869,0,0,17.0110297101764,74.6031746031746,0,0,69.3528685613931,69.7674418604651,0.78352983674149,92.3076923076923,20.6349206349206,7.93650793650794,57924.8128648267,100,52.0301995155107,36.3984674329502,23.4375,2.17324993820308,97.0588235294118,24.25,31.25,45.0894811269444,15.625,32.4641539287462,52.7196128866577,65.4911626474302,85.9375,68.75,35.9375,79.6875,89.0625,78.125,90.625,92.1875,0.35477830151558,2.41526955876206
30,08073,Lincoln,0.260665972944849,28.125,0.15042573320719,65.625,0.112538662859862,78.125,0.00156087408949,5.08474576271187,0.291347992351816,46.875,0.248074511911159,59.375,35.6145671753567,12.255,25,60.9375,75,55.46875,56.25,74.21875,78.125,80.8,37.0967741935484,8.922,37.0967741935484,17.4,53.125,0.172846140068064,37.5,0.045316138276912,43.75,46.3552979337308,40.9849325545437,0.008557623418997,18,0.02801650886778,54.6875,13.7254901960784,13.7254901960784,0.418879056047198,84.375,34.7255687167883,68.75,0.017548914547314,32.258064516129,45.7036835616438,21.875,5.98433424657534,60.9375,43549.6796283432,39.0625,37.0529580558298,0,0,0.237350574263028,9.52380952380952,0,0,7.81421047477169,48.8372093023256,0.008139525953853,5.12820512820513,87.3015873015873,61.9047619047619,2.16276142833052,14.5161290322581,18.4595181851243,47.1264367816092,56.25,0,0,24.25,31.25,19.4198870376215,6.25,22.2305831530629,28.6990043624617,23.3389294324702,42.1875,7.8125,14.0625,57.8125,42.1875,14.0625,45.3125,31.25,0.696476725441244,3.90098112796674
31,08083,Montezuma,0.260361216730038,26.5625,0.150423319287123,64.0625,0.08692636072572,54.6875,0.026235741444867,64.4067796610169,0.361031296109342,75,0.288837744533947,65.625,55.5866511980588,21.91,58.9285714285714,50.78125,53.125,80.46875,79.6875,58.59375,59.375,80.3,45.1612903225806,9.816,58.0645161290323,19.4,89.0625,0.235941695435366,71.875,0.047142309167626,53.125,61.8311753093335,58.7089132536962,0.052433171906094,34,0.021826219227392,39.0625,0,0,0.230662645692395,53.125,29.4447615753318,6.25,0.035532360165228,45.1612903225806,46.427420890411,26.5625,4.88024280821918,29.6875,108285.153803066,62.5,31.5492003262768,0,0,3.81551037348984,47.6190476190476,0,0,13.0691872162681,51.1627906976744,0.006788744884467,2.56410256410256,92.0634920634921,73.015873015873,36.1518973225759,27.4193548387097,26.2681185436077,67.816091954023,98.4375,0,0,27.75,50,654.74385582403,79.6875,73.1992998916848,40.6414547719615,47.3438053698614,26.5625,23.4375,93.75,87.5,68.75,51.5625,84.375,73.4375,0.537190711603444,3.29243244228674
32,08001,Adams,0.356324947161044,93.75,0.111009428139698,37.5,0.151854235046872,95.3125,0.045979548702893,88.135593220339,0.256458612355337,40.625,0.525049553108821,95.3125,69.6692542852458,49.464,89.2857142857143,39.84375,17.1875,75,76.5625,55.46875,53.125,78.1051020408163,85.4838709677419,9.485,51.6129032258064,18.4,71.875,0.108094026903829,1.5625,0.065558138148877,85.9375,40.0613764843449,54.8653153847954,31.8983352115293,94,0.32972326498914,98.4375,35.2941176470588,35.2941176470588,0.141109945636837,32.8125,39.2701288681847,96.875,16.567905735142,95.1612903225807,46.9603383945718,34.375,9.58482168736397,98.4375,2051359.35639494,96.875,68.3092755331072,1.72853564177703,88.8888888888889,155.768685082582,96.8253968253968,1.14340851379585,85.7142857142857,6490.31355124069,97.6744186046512,1.13099910426462,94.8717948717949,73.015873015873,47.6190476190476,7583.20404697318,80.6451612903226,82.6083312824856,37.5478927203065,29.6875,1.16046575805747,85.2941176470588,24,25,281.548148500488,59.375,44.0310543253446,65.8144841685111,71.6488522317213,90.625,100,56.25,48.4375,92.1875,100,73.4375,98.4375,0.322724569168258,4.31946065218919
33,08079,Mineral,0.327751196172249,79.6875,0.11251580278129,42.1875,0.021897810218978,9.375,0,0,0.251889168765743,37.5,0.071788413098237,1.5625,17.917578360627,11.498,21.4285714285714,87.5,100,17.96875,14.0625,72.65625,75,0,0,0,0,17.6,59.375,0.270780856423174,89.0625,0.03904282115869,23.4375,43.1849480049992,30.5512631828131,0,0,0.005947532680937,3.125,0,0,0.190325138778747,45.3125,31.4726131271039,43.75,0.00014491264927,1.61290322580645,49.2085479452055,75,4.22260821917808,1.5625,3016.90526681389,4.6875,9.17872643493413,0,0,0.60080875891556,25.3968253968254,0.333671094562303,71.4285714285714,0,0,0,0,92.063492063492,71.4285714285714,0.381791644329611,9.67741935483871,33.4634513135412,48.6590038314176,65.625,0,0,35.5,89.0625,115.064958799577,37.5,60.292758669184,28.0284157131484,16.9909474837049,1.5625,43.75,82.8125,54.6875,9.375,10.9375,29.6875,14.0625,0.2321685407328,2.0450664871839
34,08089,Otero,0.277850934948644,40.625,0.203631224179169,92.1875,0.119610790285579,85.9375,0.021991045562286,61.0169491525424,0.479702151130723,92.1875,0.488697524219591,92.1875,74.200548434158,45.147,85.7142857142857,46.09375,34.375,89.0625,92.1875,95.3125,100,76.9428571428572,91.9354838709677,8.171,16.1290322580645,20,95.3125,0.210979547900969,62.5,0.056673842841765,73.4375,63.842797721572,69.021673077865,0.060691642219686,38,0.044594096302224,75,98.0392156862745,98.0392156862745,0.523640526617058,98.4375,32.8166658937411,56.25,0.049620029251672,48.3870967741936,44.8878516634051,18.75,5.80459412915851,54.6875,107146.995119754,60.9375,55.0953050955222,0,0,8.03451739581469,60.3174603174603,0,0,0,0,0.254339433083909,64.1025641025641,98.4126984126984,87.3015873015873,3819.76592159338,72.5806451612903,70.3542525283728,42.1455938697318,35.9375,0,0,23.25,17.1875,80.2080062098026,25,24.9019597771757,51.3617056241482,70.342013499202,79.6875,92.1875,17.1875,89.0625,96.875,75,93.75,95.3125,0.336877369464673,2.65280981029491
35,08095,Phillips,0.297159090909091,57.8125,0.133106575963719,56.25,0.108900876601483,76.5625,0.094886363636364,100,0.31156462585034,60.9375,0.297574004006232,67.1875,68.3474395560816,18.767,41.0714285714286,57.03125,60.9375,87.5,87.5,64.0625,68.75,80.1,50,5.469,1.61290322580645,19.8,93.75,0.18272868907189,43.75,0.0747829957712,96.875,42.80493483086,55.5761871934708,0.096258357193246,42,0.031949540748597,64.0625,21.5686274509804,21.5686274509804,0.443248532289628,85.9375,37.8971196108921,93.75,0.033577307544194,41.9354838709677,42.4345657534247,3.125,6.17927808219178,73.4375,13762.5133579509,12.5,33.7122465616024,0,0,2.67694769670644,42.8571428571429,0,0,92.4167415655743,72.0930232558139,0.010075295773102,7.69230769230769,0,0,0,0,28.751314165481,43.6781609195402,45.3125,0,0,27.5,46.875,15.4923297197791,3.125,18.7933026942128,28.7422774957247,31.6956602201976,29.6875,26.5625,10.9375,53.125,87.5,15.625,75,46.875,0.189577890726923,1.8480980015917
36,08091,Ouray,0.26652977412731,37.5,0.150931928687196,67.1875,0.025389221556886,12.5,0.002464065708419,15.2542372881356,0.187994321638613,15.625,0.091977309562399,4.6875,18.1021542463338,0,0,63.28125,81.25,14.0625,6.25,19.53125,12.5,83.2,4.83870967741935,7.285,6.45161290322581,17.2,48.4375,0.360615883306321,100,0.029376012965964,10.9375,17.8911757371435,17.9966649917386,0,0,0.0088422576912,9.375,0,0,0.169663573085847,42.1875,31.2887094453015,40.625,0.000449808751109,6.45161290322581,47.9072356164384,46.875,4.64601780821918,14.0625,38698.0321397794,35.9375,21.9509151753059,0,0,3.77422590184331,46.031746031746,0.014521333365309,25,1.38731125904331,23.2558139534884,0,0,86.5079365079365,58.7301587301587,355.710711258167,53.2258064516129,38.4151457528721,53.2567049808429,76.5625,0,0,38.75,95.3125,256.125227142931,54.6875,73.6237632513391,38.9851848387057,13.9213549219506,14.0625,54.6875,95.3125,7.8125,10.9375,42.1875,3.125,7.8125,0.144347925284592,2.22545981032166
37,08011,Bent,0.309734513274336,65.625,0.209966934341049,95.3125,0.166002344665885,96.875,0.009955752212389,28.8135593220339,0.487246102975909,93.75,0.456392735119583,84.375,71.8955721413757,50.258,91.0714285714286,32.03125,7.8125,90.625,95.3125,95.3125,100,78,87.0967741935484,9.223,46.7741935483871,18.8,79.6875,0.183959719474915,45.3125,0.040819996403525,28.125,52.0532569699263,61.974414555651,0.000278103832435,4,0.038893984669201,67.1875,82.3529411764706,82.3529411764706,0.482101348210135,92.1875,33.2563696401771,62.5,0.0016340217859,8.06451612903226,44.0098890410959,14.0625,5.85505890410959,57.8125,36693.1436577762,32.8125,31.1273677002157,0,0,1.27272168867091,34.9206349206349,0,0,1.6715125319355,27.906976744186,0.010537465612021,10.2564102564103,93.6507936507936,76.1904761904762,88.0582123235474,40.3225806451613,31.4374898836128,45.5938697318008,53.125,0,0,20.75,4.6875,85.0595594681473,26.5625,18.7716763198804,28.1159754009811,34.57446458478,25,40.625,9.375,71.875,93.75,12.5,89.0625,56.25,0.409167767719737,2.57239090132001
38,08007,Archuleta,0.365458347856396,96.875,0.155540621266428,71.875,0.05481424594413,35.9375,0.004356918787034,20.3389830508475,0.304682249271899,57.8125,0.242653046117403,56.25,50.4818378771435,9.653,17.8571428571429,41.40625,21.875,22.65625,20.3125,55.46875,53.125,81.5,24.1935483870968,8.614,27.4193548387097,16.3,26.5625,0.270412317714117,87.5,0.041972018654231,34.375,30.4251835682438,40.4535107226937,0,0,0.013190960517094,17.1875,7.84313725490196,7.84313725490196,0.057762485663643,9.375,30.6452153566017,25,0.002615076600041,14.5161290322581,48.7871309589041,70.3125,4.63433863013699,10.9375,29319.4061907648,25,17.5052938643981,0,0,0.598969727316962,23.8095238095238,0.001580251784487,3.57142857142857,65.5897178662831,67.4418604651163,0,0,55.5555555555556,25.3968253968254,3431.8272527313,69.3548387096774,25.1695635032761,67.4329501915709,96.875,0.055165688570064,29.4117647058824,34.75,85.9375,883.479700122526,89.0625,68.3364791048101,32.1291575842206,25.789649034196,7.8125,20.3125,85.9375,23.4375,60.9375,26.5625,43.75,34.375,0.356264287994463,2.77748591438513
39,08107,Routt,0.36209748029964,95.3125,0.06784244087497,9.375,0.030359620104578,15.625,0.007101858157408,25.4237288135593,0.186249441941637,10.9375,0.16476908274535,25,21.4374478514161,2.206,3.57142857142857,51.5625,56.25,14.0625,6.25,14.84375,7.8125,81.75,20.9677419354839,10.102,64.5161290322581,15.5,12.5,0.168657793457344,34.375,0.041212315586915,31.25,17.7866946692139,19.612071260315,0.011170587047132,22,0.025568525633387,48.4375,90.1960784313726,90.1960784313726,0.085266193967071,17.1875,30.4155332385214,23.4375,0.124983380991725,64.5161290322581,49.4577701369863,82.8125,5.67414136986301,51.5625,114490.363716115,64.0625,44.4929190880495,0,0,5.03343485256772,52.3809523809524,0,0,2.27338468373906,37.2093023255814,0.026620200715817,23.0769230769231,53.968253968254,23.8095238095238,345.790267373714,51.6129032258064,35.3591945535374,47.8927203065134,60.9375,0.192582391945856,47.0588235294118,32.5,70.3125,133.275069522021,42.1875,54.0051910959439,44.5875559563951,17.3510997221663,65.625,48.4375,76.5625,6.25,15.625,64.0625,7.8125,18.75,0.651459292547315,4.10509507338418
40,08053,Hinsdale,0.286610878661088,48.4375,0.172338090010977,79.6875,0.015247776365947,1.5625,0,0,0.20417124039517,17.1875,0.103183315038419,6.25,14.5310479308064,0,0,50.78125,53.125,35.9375,35.9375,58.59375,59.375,81.4,27.4193548387097,0,0,16.1,21.875,0.340285400658617,96.875,0.025246981339188,4.6875,31.5148708050373,23.0229593679218,0,0,0.005535675932306,1.5625,0,0,0.149359886201991,34.375,31.3801692442217,42.1875,0,0,49.4430356164384,81.25,4.28241643835616,3.125,791.579656111713,3.125,11.0271087086996,0,0,0.242054492713686,11.1111111111111,0.060393846710605,46.4285714285714,0,0,0,0,108.730158730159,93.6507936507936,20.5816240599556,22.5806451612903,32.3182365184244,48.2758620689655,64.0625,0,0,32.75,71.875,126.558122635127,39.0625,56.4478309346149,27.7050712176096,12.6564029641937,3.125,42.1875,81.25,26.5625,6.25,7.8125,12.5,4.6875,0.297670983017724,2.84694965283616
41,08123,Weld,0.308587799473757,64.0625,0.112159609298596,39.0625,0.116628936186005,84.375,0.031609195402299,74.5762711864407,0.246282442043041,32.8125,0.362842644494458,73.4375,57.9681261945089,31.042,75,37.5,12.5,64.84375,64.0625,42.96875,37.5,79.4469696969697,64.5161290322581,8.628,29.0322580645161,16.6,34.375,0.12459799798471,4.6875,0.068664659422082,92.1875,34.1193921547933,46.0437591746511,72.6893902356314,100,0.19915278845903,93.75,70.5882352941177,70.5882352941177,0.124953239174349,25,36.3212848548763,81.25,18.2253611026752,98.3870967741936,46.7867706882324,32.8125,9.65793593002146,100,455241.688412757,82.8125,69.1042061629407,0.553131575167955,55.5555555555556,285.545756144966,100,0,0,40240.1969134289,100,1.21073205444481,97.4358974358974,57.1428571428571,26.984126984127,22617.1880068594,95.1612903225807,71.972932213853,43.2950191570881,43.75,0.495174973856235,73.5294117647059,25.25,37.5,170.380583680762,48.4375,49.1657913933141,64.8367839832621,59.2355076261757,92.1875,93.75,65.625,29.6875,76.5625,98.4375,56.25,90.625,1.10611580920295,5.09952310502961
42,08069,Larimer,0.322214832281946,78.125,0.100097890446846,28.125,0.036732543260264,21.875,0.011111782923864,32.2033898305085,0.232732428021414,29.6875,0.192298595013955,32.8125,33.8629035291357,21.16,53.5714285714286,67.96875,85.9375,29.6875,31.25,21.875,17.1875,80.8890410958904,35.4838709677419,9.113,43.5483870967742,15.7,14.0625,0.164235049239905,31.25,0.045505519488651,45.3125,34.8632633027023,34.363083415919,41.6106643181328,96,0.139384404133513,89.0625,49.0196078431373,49.0196078431373,0.101198745309053,20.3125,32.6768442284438,54.6875,3.97253234746172,87.0967741935484,47.8211130614846,42.1875,8.03653169799299,90.625,667387.054958458,85.9375,61.8903110990149,1.163364116737,77.7777777777778,157.583392932156,98.4126984126984,0,0,1525.2342104366,90.6976744186046,0.217606823461578,56.4102564102564,98.4126984126984,87.3015873015873,2386.12496257303,62.9032258064516,77.403273061297,30.2681992337165,15.625,0.413864646586829,70.5882352941177,24.25,31.25,532.422318633056,73.4375,39.8868797686144,60.2676937569853,41.0928795357779,84.375,95.3125,50,37.5,40.625,92.1875,39.0625,65.625,0.726526579694109,3.89977907187784
43,08065,Lake,0.236164962989073,12.5,0.110279101429544,35.9375,0.05724033358605,39.0625,0.01903419104688,54.2372881355932,0.187827044891215,14.0625,0.394569769012562,76.5625,31.7516101040467,14.504,26.7857142857143,50.78125,53.125,41.40625,45.3125,35.15625,32.8125,78.6,77.4193548387097,17.633,95.1612903225807,14.4,3.125,0.141969471835742,15.625,0.042280156693232,35.9375,31.1170622614423,31.4343361827445,0.055510557276975,36,0.0138204665164,18.75,0,0,0.398753117206983,81.25,32.2269331306494,51.5625,0.049670405897532,50,50.7919680365297,93.75,4.80366484018265,26.5625,45294.3277838283,42.1875,44.3079738612554,0,0,8.40293785449183,63.4920634920635,7.81853338348757,96.4285714285714,0,0,0,0,76.1904761904762,50.7936507936508,122.173196705029,41.9354838709677,60.0937167340963,31.0344827586207,20.3125,0,0,34.5,84.375,95.6315326541083,29.6875,37.0552940309555,46.4412396218907,28.9666300619949,64.0625,82.8125,45.3125,25,34.375,70.3125,31.25,43.75,0.103687163417817,1.72745325120908
44,08105,Rio Grande,0.189821773674039,4.6875,0.169995561473591,78.125,0.099110232328225,64.0625,0.025552931071505,62.7118644067797,0.277604491578291,45.3125,0.483656703373536,90.625,42.6767977728762,39.299,82.1428571428571,46.09375,34.375,72.65625,75,44.53125,40.625,81.1,32.258064516129,14.57,93.5483870967742,16.6,34.375,0.209316553050166,60.9375,0.051477014507953,64.0625,53.320841894992,47.9988198339341,0,0,0.02030303714162,37.5,41.1764705882353,41.1764705882353,0.297820454199055,62.5,30.8656800914573,28.125,0.058354386472399,56.4516129032258,48.4793849315068,60.9375,4.73455136986301,25,56036.6834740915,48.4375,42.822000913537,0,0,9.24346937620675,66.6666666666667,0.005743651136336,21.4285714285714,0,0,0.173376771552768,51.2820512820513,87.3015873015873,61.9047619047619,5069.5279487386,77.4193548387097,51.1785751712151,53.2567049808429,76.5625,0.010888442370257,8.82352941176471,34,79.6875,102.807367187018,34.375,36.8827112163573,43.4263220536616,41.3593289725389,62.5,67.1875,42.1875,75,54.6875,57.8125,60.9375,68.75,0.241033050009491,2.21073780255282
45,08047,Gilpin,0.335085874518051,84.375,0.11968314103668,46.875,0.055603263203092,37.5,0.002453557658605,13.5593220338983,0.21643598615917,25,0.156079234972678,21.875,32.1281261718201,8.606,14.2857142857143,45.3125,31.25,26.5625,26.5625,28.90625,25,81.8,19.3548387096774,12.5,83.8709677419355,16.2,25,0.159494535519126,28.125,0.034494535519126,20.3125,26.6901427315572,29.4091344516887,0,0,0.019700583262795,34.375,0,0,0.186575654152446,43.75,34.5902205993635,65.625,0.004375647593837,16.1290322580645,51.2875452054795,98.4375,5.83728082191781,56.25,32147.4881103154,29.6875,42.7669101616014,0,0,2.08402463373025,39.6825396825397,4.57572945140985,92.8571428571429,0,0,0,0,80.9523809523809,55.5555555555556,122.878280504919,43.5483870967742,54.642251559745,16.8582375478927,1.5625,0,0,26.25,43.75,828.045505617977,85.9375,18.0437554733054,39.5549568390633,23.0819785806437,60.9375,75,7.8125,20.3125,35.9375,46.875,28.125,29.6875,0.0409950465345901,0.973811851715063
46,08125,Yuma,0.258790791803693,23.4375,0.082907380903701,18.75,0.151665166516652,93.75,0.055147988869213,94.9152542372881,0.337857438872772,67.1875,0.28385993157577,64.0625,50.6234845541073,9.354,16.0714285714286,48.4375,40.625,69.53125,70.3125,57.8125,56.25,79.65,61.2903225806452,5.997,3.2258064516129,18.4,71.875,0.180619843026766,42.1875,0.068826725699336,93.75,37.4567042824604,44.0400944182839,0.793498928958533,66,0.033296664174632,65.625,33.3333333333333,33.3333333333333,0.45374449339207,87.5,36.875911012047,87.5,0.055300838986275,54.8387096774194,42.9476589041096,6.25,6.32066575342466,79.6875,38233.8409725835,34.375,46.607571341352,0,0,0.621474793815331,26.984126984127,0,0,188.830479883583,74.4186046511628,0.439962989380029,74.3589743589744,9.52380952380952,4.76190476190476,4.27133417283468,16.1290322580645,25.8168029677695,51.7241379310345,71.875,0,0,25.75,42.1875,27.5978920852196,9.375,30.5195159602801,37.3878654026884,32.6714784638502,70.3125,21.875,32.8125,42.1875,62.5,40.625,50,50,0.647060025011115,3.24382345066907
47,08057,Jackson,0.251162790697674,17.1875,0.126917712691771,51.5625,0.143122676579926,90.625,0,0,0.449093444909344,90.625,0.131944444444444,10.9375,38.0357650840687,0,0,70.3125,89.0625,44.53125,46.875,52.34375,46.875,78.7,74.1935483870968,12.245,82.258064516129,19,85.9375,0.313888888888889,93.75,0.032638888888889,14.0625,58.400602137371,48.2181836107198,0.091746264032913,40,0.012904577664916,15.625,0,0,0.345699831365936,68.75,30.2340264411748,15.625,0.018757586672368,35.4838709677419,49.7518520547945,85.9375,5.27225479452055,43.75,32040.869562219,28.125,35.4941785907153,0,0,0.462023636437533,17.4603174603175,0,0,4.6301856709099,44.1860465116279,0,0,68.2539682539683,42.8571428571429,0.004902164354662,4.83870967741935,19.9996555172264,31.4176245210728,21.875,0,0,30.5,57.8125,68.3056230897472,20.3125,29.5060492762429,30.123515493725,28.8208228530863,37.5,10.9375,28.125,82.8125,43.75,21.875,62.5,42.1875,0.447106258815438,3.77163912860716
48,08063,Kit Carson,0.2621685129238,31.25,0.15902228612509,75,0.122551062942893,87.5,0.050688150386036,91.5254237288136,0.314047207829591,62.5,0.234834493536014,50,62.3330701291095,52.603,96.4285714285714,41.40625,21.875,72.65625,75,66.40625,71.875,79.7,58.0645161290323,6.536,4.83870967741935,17.2,48.4375,0.200170478761188,54.6875,0.066060519960222,87.5,44.8918914309932,53.6124807800513,0.009483847873175,20,0.025309077657558,46.875,96.078431372549,96.078431372549,0.380466472303207,79.6875,36.9184061836863,89.0625,0.004830983727059,17.741935483871,43.346795890411,7.8125,6.15527671232877,68.75,47435.3110946836,43.75,40.0735879008945,0,0,0.372493105845159,14.2857142857143,0,0,1.60914582613297,25.5813953488372,0.57933993917228,79.4871794871795,44.4444444444444,14.2857142857143,1.38270441018922,11.2903225806452,21.5847149342404,47.5095785440613,59.375,0,0,24.75,35.9375,10.3282289672774,1.5625,14.9390794476072,29.1677425459091,31.0283439787952,48.4375,14.0625,1.5625,56.25,79.6875,18.75,71.875,45.3125,0.584674129889208,3.28545567992786
49,08019,Clear Creek,0.311396818478971,67.1875,0.120597079037801,48.4375,0.033756378385451,20.3125,0.01460013074744,42.3728813559322,0.186473429951691,12.5,0.139423588216527,12.5,27.5543561256191,4.301,10.7142857142857,52.34375,57.8125,24.21875,25,21.875,17.1875,83.275,3.2258064516129,8.934,38.7096774193548,15.9,17.1875,0.210996490481761,64.0625,0.028820589173668,9.375,19.1297488850907,23.3420525053549,0.000110372518957,2,0.027323190900662,50,80.3921568627451,80.3921568627451,0.27252055273745,57.8125,33.3061256690439,64.0625,0.007098168183041,27.4193548387097,51.423401369863,100,5.46131369863014,46.875,219600.347763428,81.25,40.7657736184037,0,0,4.18626533599075,49.2063492063492,9.06647857372471,100,0,0,0,0,91.2698412698413,69.8412698412698,236.791254248597,46.7741935483871,63.3191235696124,22.6053639846743,7.8125,0.067818447646746,32.3529411764706,27.75,50,736.871601958975,82.8125,31.9847105309276,44.2088453343368,20.4756684866218,51.5625,84.375,34.375,10.9375,25,62.5,14.0625,25,0.107781114606951,1.71853962737013
50,08075,Logan,0.247463994990607,15.625,0.149184034604797,60.9375,0.089283339981385,59.375,0.003882279273638,18.6440677966102,0.345263157894737,73.4375,0.236879166275467,53.125,40.0261940963279,26.582,67.8571428571429,51.5625,56.25,68.75,67.1875,80.46875,87.5,78.2571428571429,82.258064516129,7.567,9.67741935483871,19.2,87.5,0.184161111632711,46.875,0.054830532344381,68.75,55.5502578823255,47.7882259893267,6.88074532761726,80,0.063523551813494,79.6875,88.2352941176471,88.2352941176471,0.495341079029104,93.75,36.3713726901487,84.375,0.414499187933351,72.5806451612903,44.034860665362,15.625,6.27323170254403,78.125,117013.01517993,65.625,66.6262407173596,0.153618940896078,38.8888888888889,16.5380857948374,73.015873015873,0,0,22.4009495630647,53.4883720930233,0.657101663890378,84.6153846153846,11.1111111111111,6.34920634920635,2659.97961970537,67.741935483871,42.048911915737,45.9770114942529,54.6875,1.79754990788021,94.1176470588235,28.75,53.125,35.7046806822689,12.5,42.9973828531299,54.5746940508965,51.7490157854732,89.0625,59.375,54.6875,76.5625,50,82.8125,59.375,79.6875,0.509315675331891,2.98709183538774
51,08121,Washington,0.218226600985222,7.8125,0.119244135534318,45.3125,0.094658753709199,62.5,0.026600985221675,66.1016949152542,0.299347826086957,56.25,0.143865476437617,14.0625,32.4001948157985,27.243,69.6428571428571,77.34375,96.875,53.125,53.125,60.9375,65.625,80.15,48.3870967741936,7.469,8.06451612903226,17.5,57.8125,0.213410836620303,65.625,0.045048785551173,42.1875,48.4425044657447,40.4213496407716,0.015635091318703,24,0.030273645941897,59.375,0,0,0.505887483645879,95.3125,36.3336462027425,82.8125,0.002207321517131,12.9032258064516,44.3640493150685,17.1875,6.3921698630137,81.25,52766.5677393376,46.875,41.9002905974643,0.006935364942357,16.6666666666667,0.529257949673193,20.6349206349206,0,0,50.7558544756462,62.7906976744186,0.011130485706218,12.8205128205128,4.76190476190476,3.17460317460317,2313.62112640058,61.2903225806452,19.4337048215865,44.4444444444444,46.875,0.138628710939866,41.1764705882353,25.5,40.625,29.4165876724397,10.9375,30.4316471594348,33.4164832939875,26.8016437040022,56.25,9.375,31.25,62.5,37.5,29.6875,42.1875,39.0625,0.689155936189991,3.59641030322897
52,08035,Douglas,0.261951489342356,29.6875,0.075472066657179,12.5,0.021072505378158,7.8125,0.007062157595229,23.728813559322,0.081679814902573,1.5625,0.206168137121536,39.0625,12.7014984390503,23.773,64.2857142857143,50.78125,53.125,14.84375,10.9375,10.9375,4.6875,82.2209677419355,14.5161290322581,8.922,37.0967741935484,14,1.5625,0.129375968195977,6.25,0.054640955453268,67.1875,15.814293916368,14.2578961777091,3.37958600200536,74,0.167108889229543,90.625,17.6470588235294,17.6470588235294,0.014397234793561,1.5625,36.0841705924452,76.5625,1.16555472208524,80.6451612903226,49.340601674277,78.125,7.42996811263318,87.5,931298.20486619,90.625,44.6639324543863,0.099417212678309,27.7777777777778,35.0971434621499,87.3015873015873,0.01936347440234,28.5714285714286,1.23801626870515,18.6046511627907,0.147245618688719,48.7179487179487,94.4444444444445,79.3650793650794,8012.49221281583,83.8709677419355,45.7269136865414,23.3716475095785,9.375,0.816232933682035,79.4117647058823,22.5,10.9375,1843.18244957927,100,30.0395586354418,41.2735843076889,11.6766297524346,67.1875,62.5,29.6875,4.6875,3.125,56.25,1.5625,1.5625,0.228049018938464,2.24710815852836
53,08021,Conejos,0.215743440233236,6.25,0.184978026368358,85.9375,0.102249899558055,71.875,0.087463556851312,98.3050847457627,0.51072618254497,96.875,0.551833708460215,98.4375,57.5128395850872,12.134,23.2142857142857,42.1875,29.6875,96.875,100,91.40625,95.3125,82.25,12.9032258064516,10.772,69.3548387096774,18.1,65.625,0.195286641069774,53.125,0.062359327419568,79.6875,49.0156430082819,53.2642412966845,0,0,0.014402981409603,20.3125,19.6078431372549,19.6078431372549,0.333663121444472,64.0625,29.4387372253142,4.6875,0.00608673384373,19.3548387096774,48.5832479452055,64.0625,4.66541917808219,15.625,52061.0738736424,45.3125,23.8586700863911,0,0,1.03400383287215,31.7460317460317,0.001781857375605,7.14285714285714,0,0,0,0,65.0793650793651,36.5079365079365,44.5126236723348,29.0322580645161,22.1415172772194,52.4904214559387,73.4375,0,0,32,64.0625,96.9537606278613,31.25,52.7785266955067,30.6593460363771,32.4032452784795,17.1875,15.625,75,65.625,73.4375,23.4375,70.3125,48.4375,0.33936841599575,2.79156980201095
54,08041,El Paso,0.330874078684088,82.8125,0.12500162218047,50,0.051987620702329,32.8125,0.015631162459158,45.7627118644068,0.242586776579909,31.25,0.330538679461006,68.75,48.7105779951982,32.658,78.5714285714286,65.625,84.375,57.03125,59.375,43.75,39.0625,79.3395833333333,66.1290322580645,9.485,51.6129032258064,17.2,48.4375,0.133364278545246,7.8125,0.063004999157907,81.25,48.9501678563787,48.8303729257885,28.1302018425214,92,0.121400385856984,87.5,43.1372549019608,43.1372549019608,0.127880776649448,28.125,36.1391159197053,79.6875,13.7953310763125,93.5483870967742,49.2037648265114,73.4375,6.24173144122713,76.5625,1261768.01665784,92.1875,69.4806250422432,0.817756455295791,72.2222222222222,69.5812998693452,92.0634920634921,0,0,1.83293652823703,30.2325581395349,0.312303663678477,69.2307692307692,111.111111111111,95.2380952380952,12975.5417834192,90.3225806451613,70.2031442888864,40.9961685823755,32.8125,0,0,22,7.8125,687.314592779621,81.25,27.5138209624704,59.1695538339608,57.3295075716275,93.75,90.625,23.4375,64.0625,59.375,89.0625,64.0625,89.0625,0.572085274618075,3.26021135628058
55,08061,Kiowa,0.286751361161524,50,0.096431283219438,25,0.088172043010753,57.8125,0.029038112522686,71.1864406779661,0.39331814730448,81.25,0.082405345211581,3.125,33.0623515090517,20.502,46.4285714285714,77.34375,96.875,66.40625,65.625,89.0625,90.625,78.2,83.8709677419355,8.14,14.5161290322581,20.5,98.4375,0.21826280623608,67.1875,0.091314031180401,100,65.2834170641558,49.1728842866037,0.002644943737082,12,0.022134178788797,42.1875,94.1176470588235,94.1176470588235,0.518195050946143,96.875,34.9915828801019,71.875,0.000329399554899,4.83870967741935,43.4329205479452,9.375,6.15763287671233,70.3125,21403.8527472839,23.4375,30.7804157765987,0,0,0.664439780691911,28.5714285714286,0,0,3.13239995136567,39.5348837209302,0,0,96.8253968253968,84.1269841269841,0.207236784250824,8.06451612903226,29.5873803114731,45.2107279693487,50,0,0,21.75,6.25,39.0246781284965,14.0625,16.3796337138056,26.881961394619,26.2286846730269,23.4375,29.6875,4.6875,90.625,39.0625,3.125,65.625,35.9375,0.477251870161354,3.61712248475694
56,08119,Teller,0.318297101449275,75,0.137597921824898,57.8125,0.02954874767129,14.0625,0.002445652173913,10.1694915254237,0.208967954185451,21.875,0.155989983035786,20.3125,25.50895717037,20.467,44.6428571428571,59.375,68.75,23.4375,23.4375,34.375,31.25,81.2428571428571,30.6451612903226,13.242,85.4838709677419,16.6,34.375,0.236569997576541,73.4375,0.037886743678811,21.875,40.9694450866186,33.2392011284943,0.104697083136668,46,0.016122398091877,28.125,72.5490196078431,72.5490196078431,0.104751215862327,21.875,33.1172425423062,59.375,0.285116346285546,67.741935483871,50.109904109589,90.625,5.19580102739726,42.1875,79036.3353635274,54.6875,49.3200437194958,0.030052150644842,22.2222222222222,15.3554483463375,69.8412698412698,0,0,0,0,0,0,49.2063492063492,19.047619047619,838.632087906851,56.4516129032258,35.9421594220316,22.2222222222222,6.25,0.034950549072559,20.5882352941176,24.75,35.9375,1647.19579010978,96.875,25.8710871812329,40.113333510564,26.4563061537185,73.4375,50,18.75,51.5625,21.875,50,37.5,37.5,0.15030061602738,1.82073559871445
57,08051,Gunnison,0.303776259827297,62.5,0.073545036005194,10.9375,0.016785079928952,3.125,0.002448769171285,11.864406779661,0.264223364080976,42.1875,0.149312492654836,15.625,15.9888167462916,16.785,33.9285714285714,65.625,84.375,10.9375,3.125,25.78125,21.875,80.52,40.3225806451613,9.502,53.2258064516129,15.1,7.8125,0.13991068280644,14.0625,0.033905276765777,17.1875,20.9964523688448,18.4926345575682,0.259335119250302,58,0.018249183897736,31.25,52.9411764705882,52.9411764705882,0.107110563090834,23.4375,30.2626159764039,18.75,0.013977197070851,30.6451612903226,48.5604178082192,62.5,4.69893378995434,20.3125,39339.4055265459,37.5,34.0497098146606,0,0,4.82451075178544,50.7936507936508,0.020166229223169,32.1428571428571,2.16408205211597,32.5581395348837,0,0,83.3333333333333,57.1428571428571,7797.15234666663,82.258064516129,47.8122063292728,58.6206896551724,84.375,0.022775251085685,14.7058823529412,40.25,98.4375,151.510306296037,46.875,48.9160840255404,41.2069274960336,15.1202473857542,32.8125,65.625,64.0625,15.625,7.8125,54.6875,4.6875,9.375,0.873849916446261,5.35340676116213
58,08009,Baca,0.238335435056747,14.0625,0.173913043478261,81.25,0.141773162939297,89.0625,0.004413619167718,22.0338983050847,0.525213801238573,98.4375,0.174771167048055,26.5625,42.463612857386,0,0,76.5625,93.75,79.6875,78.125,90.625,93.75,80,51.6129032258064,9.278,48.3870967741936,21.8,100,0.238844393592677,75,0.048054919908467,57.8125,72.2624915058487,57.3630521816173,0.001033765969871,8,0.022089372758055,40.625,92.156862745098,92.156862745098,0.379848866498741,78.125,34.793067870416,70.3125,0.006469002933787,20.9677419354839,43.6739136986301,12.5,5.75221917808219,53.125,31200.2370775941,26.5625,34.0082901835384,0.103935987196352,33.3333333333333,0.101110747666361,7.93650793650794,0,0,2.17245546937381,34.8837209302326,0.079502395970074,38.4615384615385,88.8888888888889,66.6666666666667,0,0,29.8409935865493,63.2183908045977,92.1875,0,0,20.25,1.5625,105.566147174712,35.9375,17.2986936871601,28.7890669101965,32.7679834955596,31.25,31.25,6.25,96.875,53.125,17.1875,79.6875,51.5625,0.673306466618897,3.38201321808389
59,08039,Elbert,0.256884591128863,21.875,0.080711198726211,17.1875,0.032842879663689,18.75,0.000525541307547,1.69491525423729,0.130538513974097,4.6875,0.157311864534906,23.4375,10.4639044796504,24.396,66.0714285714286,57.8125,65.625,35.15625,32.8125,28.125,23.4375,80.5142857142857,41.9354838709677,8.549,24.1935483870968,17.5,57.8125,0.17518993083116,39.0625,0.042521827871641,37.5,40.3968539722433,25.4303792259469,0.031560712186373,30,0.04221101500639,71.875,56.8627450980392,56.8627450980392,0.074459486765003,14.0625,35.2286176095387,73.4375,0.010835739885494,29.0322580645161,48.6597585127202,65.625,6.54009784735812,82.8125,15624.8811175306,15.625,40.7836352620858,0,0,2.16129040506321,41.2698412698413,0.002388137197409,14.2857142857143,40.6169935173595,58.1395348837209,0.011487317476698,15.3846153846154,79.3650793650794,52.3809523809524,1.58878721181523,12.9032258064516,26.6273189534744,42.5287356321839,39.0625,8.6178135225e-05,2.94117647058824,22.75,14.0625,98.2886209151321,32.8125,15.1738484941382,30.8421094929461,15.5627659839046,53.125,25,3.125,50,1.5625,25,17.1875,10.9375,0.500510954695528,3.29599994066767
60,08077,Mesa,0.303432755396368,60.9375,0.153212424862638,70.3125,0.077230164892888,48.4375,0.007448730546135,27.1186440677966,0.292476437555417,48.4375,0.203771192139934,35.9375,46.2575621425311,23.126,62.5,50,43.75,52.34375,51.5625,60.9375,65.625,78.3387096774194,80.6451612903226,8.602,25.8064516129032,18.6,73.4375,0.200248509264656,56.25,0.052596857766875,65.625,55.7710257859792,51.0142939642551,23.3549982401561,90,0.105097598837373,81.25,5.88235294117647,5.88235294117647,0.159346015241921,40.625,29.7777361094184,10.9375,1.51544567430466,83.8709677419355,46.2352216687422,25,6.11914263179743,65.625,533161.114777533,84.375,39.2661326321061,0.456959546197342,44.4444444444444,135.655260601303,95.2380952380952,0,0,64.7329628119294,65.1162790697674,0.371022170820795,71.7948717948718,75.3968253968254,49.2063492063492,14356.9387979208,91.9354838709677,66.8835396317725,61.6858237547893,89.0625,0.230980197372693,61.7647058823529,31,59.375,616.18097725358,78.125,71.073422327025,54.1223068057524,54.7845445030365,45.3125,89.0625,89.0625,78.125,57.8125,81.25,67.1875,85.9375,0.900045571576811,5.03656067551832
61,08033,Dolores,0.125738396624473,1.5625,0.08029197080292,15.625,0.047194546407971,29.6875,0,0,0.306569343065693,59.375,0.233576642335766,48.4375,18.3569195369352,0,0,35.15625,10.9375,35.9375,35.9375,50.78125,43.75,76.8,93.5483870967742,17.857,96.7741935483871,17.7,60.9375,0.357234864748819,98.4375,0.027479604980678,6.25,39.4249030956028,28.890911316269,0.026201919817731,28,0.010667657706403,12.5,76.4705882352941,76.4705882352941,0.338028169014085,65.625,30.374056753233,21.875,0.00176821989099,9.67741935483871,47.1075671232877,39.0625,4.50693424657534,6.25,19110.875525326,18.75,22.8558754008772,0,0,0.37160103481256,12.6984126984127,0,0,6.62904949408484,46.5116279069767,0,0,51.5873015873016,22.2222222222222,0.003009101646126,3.2258064516129,14.3444596272371,59.3869731800766,87.5,0,0,30,56.25,612.21941195068,76.5625,72.2296585695699,33.0714672496403,18.9585265145898,15.625,1.5625,92.1875,46.875,12.5,28.125,25,21.875,0.282848918078798,3.16637609203642
62,08005,Arapahoe,0.343819167221666,89.0625,0.104569859294001,32.8125,0.078112606397515,51.5625,0.04345346578877,86.4406779661017,0.206950317858366,20.3125,0.422499400262509,79.6875,52.5601568051185,48.955,87.5,31.25,6.25,50.78125,48.4375,32.03125,28.125,79.6949275362319,59.6774193548387,9.911,61.2903225806452,16.4,29.6875,0.137461360861666,12.5,0.058383107725077,75,34.8507500721813,43.7054534386499,17.5187219063515,86,0.27983656156558,96.875,0,0,0.09008024728956,18.75,38.702314256381,95.3125,11.6219899651161,91.9354838709677,47.8698952267506,43.75,8.69094137666979,93.75,2363801.13635264,98.4375,69.6316677190598,0.779913204108983,66.6666666666667,0.558841427013306,22.2222222222222,0.196729656069416,64.2857142857143,252.446659143798,79.0697674418605,0.753830583313983,89.7435897435898,60.3174603174603,30.1587301587302,4435.67073379504,74.1935483870968,54.9469257693588,37.5478927203065,29.6875,0.992234781444931,82.3529411764706,24.5,32.8125,300.105731950121,60.9375,47.021250396025,60.3078779008759,52.2997428001394,96.875,76.5625,59.375,35.9375,65.625,93.75,48.4375,81.25,0.218928606842383,3.6991994065063
63,08071,Las Animas,0.319408837279445,76.5625,0.23271922307912,98.4375,0.115010850080196,79.6875,0.012064545317448,35.5932203389831,0.40047857298238,84.375,0.475800859797532,89.0625,73.7293614095876,71.919,100,48.4375,40.625,84.375,84.375,73.4375,76.5625,78.6166666666667,75.8064516129032,11.785,77.4193548387097,19,85.9375,0.250728054361392,79.6875,0.046179448065456,46.875,71.5977281909421,72.6635448002648,0.210983811418148,54,0.030518190912755,62.5,27.4509803921569,27.4509803921569,0.466222879684418,89.0625,31.7076657784219,48.4375,0.131215345809108,66.1290322580645,46.7474666666667,31.25,4.72111780821918,23.4375,102017.129460368,57.8125,47.0000329585247,0,0,1.22584828071302,33.3333333333333,0,0,438.348960541847,81.3953488372093,0,0,127.777777777778,96.8253968253968,84.7020570184533,37.0967741935484,55.8728650292557,64.367816091954,95.3125,0.027900628523099,17.6470588235294,22.5,10.9375,326.515930924736,62.5,32.7457596203439,45.6546726416623,65.8251245493625,71.875,79.6875,37.5,95.3125,95.3125,67.1875,98.4375,93.75,1.25727619218537,5.53775039877082
64,08049,Grand,0.312920807951266,70.3125,0.066904777090376,7.8125,0.053369853917663,34.375,0.010740621994229,30.5084745762712,0.2139804834492,23.4375,0.179280081404223,29.6875,27.1536644595678,0.624,1.78571428571429,50.78125,53.125,28.90625,29.6875,17.96875,10.9375,80.9,33.8709677419355,13.706,91.9354838709677,16.1,21.875,0.193080641058255,51.5625,0.041465276011193,32.8125,24.8010761272346,25.9773702934012,0,0,0.016539146366397,29.6875,64.7058823529412,64.7058823529412,0.080808080808081,15.625,31.1974566467727,34.375,0.024408278428236,38.7096774193548,50.5852168949772,92.1875,5.4649894977169,48.4375,44274.6950944862,40.625,40.5047401990454,0,0,8.82385515195613,65.0793650793651,0.023467959109794,35.7142857142857,0,0,0,0,67.4603174603175,41.2698412698413,5103.50742784951,79.0322580645161,52.472362265495,30.6513409961686,17.1875,0.009139392960073,5.88235294117647,31.25,60.9375,142.50913881361,43.75,22.7853980577515,39.0668101803343,20.1369185423963,50,70.3125,15.625,17.1875,23.4375,43.75,20.3125,23.4375,0.511446010947566,4.13096429744936
